STATION,NAME,LATITUDE,LONGITUDE,ELEVATION,DATE,TAVG,avg_mar,county,state,fips
USC00516122,"MANOA 712.1, HI US",21.3113,-157.8157,73.2,3/1/20,,70.55,Honolulu,Hawaii,15003
USC00516122,"MANOA 712.1, HI US",21.3113,-157.8157,73.2,3/2/20,,,,,
USC00516122,"MANOA 712.1, HI US",21.3113,-157.8157,73.2,3/3/20,,,,,
USC00516122,"MANOA 712.1, HI US",21.3113,-157.8157,73.2,3/4/20,,,,,
USC00516122,"MANOA 712.1, HI US",21.3113,-157.8157,73.2,3/5/20,,,,,
USC00516122,"MANOA 712.1, HI US",21.3113,-157.8157,73.2,3/6/20,,,,,
USC00516122,"MANOA 712.1, HI US",21.3113,-157.8157,73.2,3/7/20,,,,,
USC00516122,"MANOA 712.1, HI US",21.3113,-157.8157,73.2,3/8/20,,,,,
USC00516122,"MANOA 712.1, HI US",21.3113,-157.8157,73.2,3/9/20,,,,,
USC00516122,"MANOA 712.1, HI US",21.3113,-157.8157,73.2,3/10/20,,,,,
USC00516122,"MANOA 712.1, HI US",21.3113,-157.8157,73.2,3/11/20,,,,,
USC00516122,"MANOA 712.1, HI US",21.3113,-157.8157,73.2,3/12/20,,,,,
USC00516122,"MANOA 712.1, HI US",21.3113,-157.8157,73.2,3/13/20,,,,,
USC00516122,"MANOA 712.1, HI US",21.3113,-157.8157,73.2,3/14/20,,,,,
USC00516122,"MANOA 712.1, HI US",21.3113,-157.8157,73.2,3/15/20,,,,,
USC00516122,"MANOA 712.1, HI US",21.3113,-157.8157,73.2,3/16/20,,,,,
USC00516122,"MANOA 712.1, HI US",21.3113,-157.8157,73.2,3/17/20,,,,,
USC00516122,"MANOA 712.1, HI US",21.3113,-157.8157,73.2,3/18/20,,,,,
USC00516122,"MANOA 712.1, HI US",21.3113,-157.8157,73.2,3/19/20,,,,,
USC00516122,"MANOA 712.1, HI US",21.3113,-157.8157,73.2,3/20/20,,,,,
USC00516122,"MANOA 712.1, HI US",21.3113,-157.8157,73.2,3/21/20,,,,,
USC00516122,"MANOA 712.1, HI US",21.3113,-157.8157,73.2,3/22/20,,,,,
USC00516122,"MANOA 712.1, HI US",21.3113,-157.8157,73.2,3/23/20,,,,,
USC00516122,"MANOA 712.1, HI US",21.3113,-157.8157,73.2,3/24/20,,,,,
USC00516122,"MANOA 712.1, HI US",21.3113,-157.8157,73.2,3/25/20,,,,,
USC00516122,"MANOA 712.1, HI US",21.3113,-157.8157,73.2,3/26/20,,,,,
USC00516122,"MANOA 712.1, HI US",21.3113,-157.8157,73.2,3/27/20,,,,,
USC00516122,"MANOA 712.1, HI US",21.3113,-157.8157,73.2,3/28/20,,,,,
USC00516122,"MANOA 712.1, HI US",21.3113,-157.8157,73.2,3/29/20,,,,,
USC00516122,"MANOA 712.1, HI US",21.3113,-157.8157,73.2,3/30/20,,,,,
USC00516122,"MANOA 712.1, HI US",21.3113,-157.8157,73.2,3/31/20,,,,,
USR0000HSCO,"SCHOFIELD BARRACKS HAWAII, HI US",21.495,-158.0819,298.7,3/1/20,67,,,,
USR0000HSCO,"SCHOFIELD BARRACKS HAWAII, HI US",21.495,-158.0819,298.7,3/2/20,67,,,,
USR0000HSCO,"SCHOFIELD BARRACKS HAWAII, HI US",21.495,-158.0819,298.7,3/3/20,70,,,,
USR0000HSCO,"SCHOFIELD BARRACKS HAWAII, HI US",21.495,-158.0819,298.7,3/4/20,69,,,,
USR0000HSCO,"SCHOFIELD BARRACKS HAWAII, HI US",21.495,-158.0819,298.7,3/5/20,67,,,,
USR0000HSCO,"SCHOFIELD BARRACKS HAWAII, HI US",21.495,-158.0819,298.7,3/6/20,67,,,,
USR0000HSCO,"SCHOFIELD BARRACKS HAWAII, HI US",21.495,-158.0819,298.7,3/7/20,68,,,,
USR0000HSCO,"SCHOFIELD BARRACKS HAWAII, HI US",21.495,-158.0819,298.7,3/8/20,67,,,,
USR0000HSCO,"SCHOFIELD BARRACKS HAWAII, HI US",21.495,-158.0819,298.7,3/9/20,66,,,,
USR0000HSCO,"SCHOFIELD BARRACKS HAWAII, HI US",21.495,-158.0819,298.7,3/10/20,67,,,,
USR0000HSCO,"SCHOFIELD BARRACKS HAWAII, HI US",21.495,-158.0819,298.7,3/11/20,67,,,,
USR0000HSCO,"SCHOFIELD BARRACKS HAWAII, HI US",21.495,-158.0819,298.7,3/12/20,67,,,,
USR0000HSCO,"SCHOFIELD BARRACKS HAWAII, HI US",21.495,-158.0819,298.7,3/13/20,67,,,,
USR0000HSCO,"SCHOFIELD BARRACKS HAWAII, HI US",21.495,-158.0819,298.7,3/14/20,69,,,,
USR0000HSCO,"SCHOFIELD BARRACKS HAWAII, HI US",21.495,-158.0819,298.7,3/15/20,71,,,,
USR0000HSCO,"SCHOFIELD BARRACKS HAWAII, HI US",21.495,-158.0819,298.7,3/16/20,70,,,,
USR0000HSCO,"SCHOFIELD BARRACKS HAWAII, HI US",21.495,-158.0819,298.7,3/17/20,68,,,,
USR0000HSCO,"SCHOFIELD BARRACKS HAWAII, HI US",21.495,-158.0819,298.7,3/18/20,69,,,,
USR0000HSCO,"SCHOFIELD BARRACKS HAWAII, HI US",21.495,-158.0819,298.7,3/19/20,70,,,,
USR0000HSCO,"SCHOFIELD BARRACKS HAWAII, HI US",21.495,-158.0819,298.7,3/20/20,71,,,,
USR0000HSCO,"SCHOFIELD BARRACKS HAWAII, HI US",21.495,-158.0819,298.7,3/21/20,71,,,,
USR0000HSCO,"SCHOFIELD BARRACKS HAWAII, HI US",21.495,-158.0819,298.7,3/22/20,68,,,,
USR0000HSCO,"SCHOFIELD BARRACKS HAWAII, HI US",21.495,-158.0819,298.7,3/23/20,68,,,,
USR0000HSCO,"SCHOFIELD BARRACKS HAWAII, HI US",21.495,-158.0819,298.7,3/24/20,67,,,,
USR0000HSCO,"SCHOFIELD BARRACKS HAWAII, HI US",21.495,-158.0819,298.7,3/25/20,67,,,,
USR0000HSCO,"SCHOFIELD BARRACKS HAWAII, HI US",21.495,-158.0819,298.7,3/26/20,68,,,,
USR0000HSCO,"SCHOFIELD BARRACKS HAWAII, HI US",21.495,-158.0819,298.7,3/27/20,67,,,,
USR0000HSCO,"SCHOFIELD BARRACKS HAWAII, HI US",21.495,-158.0819,298.7,3/28/20,69,,,,
USR0000HSCO,"SCHOFIELD BARRACKS HAWAII, HI US",21.495,-158.0819,298.7,3/29/20,70,,,,
USR0000HSCO,"SCHOFIELD BARRACKS HAWAII, HI US",21.495,-158.0819,298.7,3/30/20,69,,,,
USR0000HSCO,"SCHOFIELD BARRACKS HAWAII, HI US",21.495,-158.0819,298.7,3/31/20,68,,,,
USC00516400,"MOANALUA STRM 772.5, HI US",21.37361,-157.88,72.5,3/3/20,,,,,
USC00516400,"MOANALUA STRM 772.5, HI US",21.37361,-157.88,72.5,3/4/20,,,,,
USC00516400,"MOANALUA STRM 772.5, HI US",21.37361,-157.88,72.5,3/12/20,,,,,
USC00516400,"MOANALUA STRM 772.5, HI US",21.37361,-157.88,72.5,3/13/20,,,,,
USC00516400,"MOANALUA STRM 772.5, HI US",21.37361,-157.88,72.5,3/14/20,,,,,
USC00516400,"MOANALUA STRM 772.5, HI US",21.37361,-157.88,72.5,3/19/20,,,,,
USC00516400,"MOANALUA STRM 772.5, HI US",21.37361,-157.88,72.5,3/20/20,,,,,
USC00516400,"MOANALUA STRM 772.5, HI US",21.37361,-157.88,72.5,3/21/20,,,,,
USC00516400,"MOANALUA STRM 772.5, HI US",21.37361,-157.88,72.5,3/31/20,,,,,
USC00517052,"OLOMANA FIRE STATION 790, HI US",21.3775,-157.75083,45.1,3/2/20,,,,,
USC00517052,"OLOMANA FIRE STATION 790, HI US",21.3775,-157.75083,45.1,3/3/20,,,,,
USC00517052,"OLOMANA FIRE STATION 790, HI US",21.3775,-157.75083,45.1,3/4/20,,,,,
USC00517052,"OLOMANA FIRE STATION 790, HI US",21.3775,-157.75083,45.1,3/7/20,,,,,
USC00517052,"OLOMANA FIRE STATION 790, HI US",21.3775,-157.75083,45.1,3/10/20,,,,,
USC00517052,"OLOMANA FIRE STATION 790, HI US",21.3775,-157.75083,45.1,3/11/20,,,,,
USC00517052,"OLOMANA FIRE STATION 790, HI US",21.3775,-157.75083,45.1,3/12/20,,,,,
USC00517052,"OLOMANA FIRE STATION 790, HI US",21.3775,-157.75083,45.1,3/13/20,,,,,
USC00517052,"OLOMANA FIRE STATION 790, HI US",21.3775,-157.75083,45.1,3/14/20,,,,,
USC00517052,"OLOMANA FIRE STATION 790, HI US",21.3775,-157.75083,45.1,3/20/20,,,,,
USC00517052,"OLOMANA FIRE STATION 790, HI US",21.3775,-157.75083,45.1,3/21/20,,,,,
USC00517052,"OLOMANA FIRE STATION 790, HI US",21.3775,-157.75083,45.1,3/24/20,,,,,
USC00519397,"WAIKIKI 717.2, HI US",21.2716,-157.8168,3,3/1/20,,,,,
USC00519397,"WAIKIKI 717.2, HI US",21.2716,-157.8168,3,3/2/20,,,,,
USC00519397,"WAIKIKI 717.2, HI US",21.2716,-157.8168,3,3/3/20,,,,,
USC00519397,"WAIKIKI 717.2, HI US",21.2716,-157.8168,3,3/4/20,,,,,
USC00519397,"WAIKIKI 717.2, HI US",21.2716,-157.8168,3,3/5/20,,,,,
USC00519397,"WAIKIKI 717.2, HI US",21.2716,-157.8168,3,3/6/20,,,,,
USC00519397,"WAIKIKI 717.2, HI US",21.2716,-157.8168,3,3/7/20,,,,,
USC00519397,"WAIKIKI 717.2, HI US",21.2716,-157.8168,3,3/8/20,,,,,
USC00519397,"WAIKIKI 717.2, HI US",21.2716,-157.8168,3,3/10/20,,,,,
USC00519397,"WAIKIKI 717.2, HI US",21.2716,-157.8168,3,3/11/20,,,,,
USC00519397,"WAIKIKI 717.2, HI US",21.2716,-157.8168,3,3/12/20,,,,,
USC00519397,"WAIKIKI 717.2, HI US",21.2716,-157.8168,3,3/13/20,,,,,
USC00519397,"WAIKIKI 717.2, HI US",21.2716,-157.8168,3,3/14/20,,,,,
USC00519397,"WAIKIKI 717.2, HI US",21.2716,-157.8168,3,3/15/20,,,,,
USC00519397,"WAIKIKI 717.2, HI US",21.2716,-157.8168,3,3/16/20,,,,,
USC00519397,"WAIKIKI 717.2, HI US",21.2716,-157.8168,3,3/17/20,,,,,
USW00022551,"EWA KALAELOA AIRPORT, HI US",21.31667,-158.06667,16.5,3/3/20,,,,,
USW00022551,"EWA KALAELOA AIRPORT, HI US",21.31667,-158.06667,16.5,3/13/20,,,,,
USW00022551,"EWA KALAELOA AIRPORT, HI US",21.31667,-158.06667,16.5,3/15/20,,,,,
USW00022551,"EWA KALAELOA AIRPORT, HI US",21.31667,-158.06667,16.5,3/26/20,,,,,
USC00513208,"KAPAKA FARM 904.1, HI US",21.603,-157.9022,0.9,3/1/20,,,,,
USC00513208,"KAPAKA FARM 904.1, HI US",21.603,-157.9022,0.9,3/2/20,,,,,
USC00513208,"KAPAKA FARM 904.1, HI US",21.603,-157.9022,0.9,3/3/20,,,,,
USC00513208,"KAPAKA FARM 904.1, HI US",21.603,-157.9022,0.9,3/4/20,,,,,
USC00513208,"KAPAKA FARM 904.1, HI US",21.603,-157.9022,0.9,3/5/20,,,,,
USC00513208,"KAPAKA FARM 904.1, HI US",21.603,-157.9022,0.9,3/6/20,,,,,
USC00513208,"KAPAKA FARM 904.1, HI US",21.603,-157.9022,0.9,3/7/20,,,,,
USC00513208,"KAPAKA FARM 904.1, HI US",21.603,-157.9022,0.9,3/8/20,,,,,
USC00513208,"KAPAKA FARM 904.1, HI US",21.603,-157.9022,0.9,3/9/20,,,,,
USC00513208,"KAPAKA FARM 904.1, HI US",21.603,-157.9022,0.9,3/11/20,,,,,
USC00513208,"KAPAKA FARM 904.1, HI US",21.603,-157.9022,0.9,3/12/20,,,,,
USC00513208,"KAPAKA FARM 904.1, HI US",21.603,-157.9022,0.9,3/13/20,,,,,
USC00513208,"KAPAKA FARM 904.1, HI US",21.603,-157.9022,0.9,3/14/20,,,,,
USC00513208,"KAPAKA FARM 904.1, HI US",21.603,-157.9022,0.9,3/15/20,,,,,
USC00513208,"KAPAKA FARM 904.1, HI US",21.603,-157.9022,0.9,3/16/20,,,,,
USC00513208,"KAPAKA FARM 904.1, HI US",21.603,-157.9022,0.9,3/17/20,,,,,
USC00513208,"KAPAKA FARM 904.1, HI US",21.603,-157.9022,0.9,3/18/20,,,,,
USC00513208,"KAPAKA FARM 904.1, HI US",21.603,-157.9022,0.9,3/19/20,,,,,
USC00513208,"KAPAKA FARM 904.1, HI US",21.603,-157.9022,0.9,3/20/20,,,,,
USC00513208,"KAPAKA FARM 904.1, HI US",21.603,-157.9022,0.9,3/21/20,,,,,
USC00513208,"KAPAKA FARM 904.1, HI US",21.603,-157.9022,0.9,3/22/20,,,,,
USC00513208,"KAPAKA FARM 904.1, HI US",21.603,-157.9022,0.9,3/23/20,,,,,
USC00513208,"KAPAKA FARM 904.1, HI US",21.603,-157.9022,0.9,3/24/20,,,,,
USC00513208,"KAPAKA FARM 904.1, HI US",21.603,-157.9022,0.9,3/25/20,,,,,
USC00513208,"KAPAKA FARM 904.1, HI US",21.603,-157.9022,0.9,3/26/20,,,,,
US1HIHN0002,"LAIE 0.2 WNW, HI US",21.65,-157.9287,2.1,3/1/20,,,,,
US1HIHN0002,"LAIE 0.2 WNW, HI US",21.65,-157.9287,2.1,3/2/20,,,,,
US1HIHN0002,"LAIE 0.2 WNW, HI US",21.65,-157.9287,2.1,3/3/20,,,,,
US1HIHN0002,"LAIE 0.2 WNW, HI US",21.65,-157.9287,2.1,3/4/20,,,,,
US1HIHN0002,"LAIE 0.2 WNW, HI US",21.65,-157.9287,2.1,3/5/20,,,,,
US1HIHN0002,"LAIE 0.2 WNW, HI US",21.65,-157.9287,2.1,3/6/20,,,,,
US1HIHN0002,"LAIE 0.2 WNW, HI US",21.65,-157.9287,2.1,3/7/20,,,,,
US1HIHN0002,"LAIE 0.2 WNW, HI US",21.65,-157.9287,2.1,3/8/20,,,,,
US1HIHN0002,"LAIE 0.2 WNW, HI US",21.65,-157.9287,2.1,3/9/20,,,,,
US1HIHN0002,"LAIE 0.2 WNW, HI US",21.65,-157.9287,2.1,3/10/20,,,,,
US1HIHN0002,"LAIE 0.2 WNW, HI US",21.65,-157.9287,2.1,3/11/20,,,,,
US1HIHN0002,"LAIE 0.2 WNW, HI US",21.65,-157.9287,2.1,3/12/20,,,,,
US1HIHN0002,"LAIE 0.2 WNW, HI US",21.65,-157.9287,2.1,3/13/20,,,,,
US1HIHN0002,"LAIE 0.2 WNW, HI US",21.65,-157.9287,2.1,3/14/20,,,,,
US1HIHN0002,"LAIE 0.2 WNW, HI US",21.65,-157.9287,2.1,3/15/20,,,,,
US1HIHN0002,"LAIE 0.2 WNW, HI US",21.65,-157.9287,2.1,3/16/20,,,,,
US1HIHN0002,"LAIE 0.2 WNW, HI US",21.65,-157.9287,2.1,3/17/20,,,,,
US1HIHN0002,"LAIE 0.2 WNW, HI US",21.65,-157.9287,2.1,3/18/20,,,,,
US1HIHN0002,"LAIE 0.2 WNW, HI US",21.65,-157.9287,2.1,3/19/20,,,,,
US1HIHN0002,"LAIE 0.2 WNW, HI US",21.65,-157.9287,2.1,3/20/20,,,,,
US1HIHN0002,"LAIE 0.2 WNW, HI US",21.65,-157.9287,2.1,3/21/20,,,,,
US1HIHN0002,"LAIE 0.2 WNW, HI US",21.65,-157.9287,2.1,3/22/20,,,,,
US1HIHN0002,"LAIE 0.2 WNW, HI US",21.65,-157.9287,2.1,3/23/20,,,,,
US1HIHN0002,"LAIE 0.2 WNW, HI US",21.65,-157.9287,2.1,3/24/20,,,,,
US1HIHN0002,"LAIE 0.2 WNW, HI US",21.65,-157.9287,2.1,3/25/20,,,,,
US1HIHN0002,"LAIE 0.2 WNW, HI US",21.65,-157.9287,2.1,3/26/20,,,,,
US1HIHN0002,"LAIE 0.2 WNW, HI US",21.65,-157.9287,2.1,3/27/20,,,,,
US1HIHN0002,"LAIE 0.2 WNW, HI US",21.65,-157.9287,2.1,3/28/20,,,,,
US1HIHN0002,"LAIE 0.2 WNW, HI US",21.65,-157.9287,2.1,3/29/20,,,,,
US1HIHN0002,"LAIE 0.2 WNW, HI US",21.65,-157.9287,2.1,3/30/20,,,,,
US1HIHN0002,"LAIE 0.2 WNW, HI US",21.65,-157.9287,2.1,3/31/20,,,,,
USC00518815,"UNIVERSITY OF HAWAII 713, HI US",21.298,-157.8165,34.1,3/1/20,,,,,
USC00518815,"UNIVERSITY OF HAWAII 713, HI US",21.298,-157.8165,34.1,3/2/20,,,,,
USC00518815,"UNIVERSITY OF HAWAII 713, HI US",21.298,-157.8165,34.1,3/3/20,,,,,
USC00518815,"UNIVERSITY OF HAWAII 713, HI US",21.298,-157.8165,34.1,3/4/20,,,,,
USC00518815,"UNIVERSITY OF HAWAII 713, HI US",21.298,-157.8165,34.1,3/5/20,,,,,
USC00518815,"UNIVERSITY OF HAWAII 713, HI US",21.298,-157.8165,34.1,3/6/20,,,,,
USC00518815,"UNIVERSITY OF HAWAII 713, HI US",21.298,-157.8165,34.1,3/7/20,,,,,
USC00518815,"UNIVERSITY OF HAWAII 713, HI US",21.298,-157.8165,34.1,3/9/20,,,,,
USC00518815,"UNIVERSITY OF HAWAII 713, HI US",21.298,-157.8165,34.1,3/10/20,,,,,
USC00518815,"UNIVERSITY OF HAWAII 713, HI US",21.298,-157.8165,34.1,3/11/20,,,,,
USC00518815,"UNIVERSITY OF HAWAII 713, HI US",21.298,-157.8165,34.1,3/13/20,,,,,
USC00518815,"UNIVERSITY OF HAWAII 713, HI US",21.298,-157.8165,34.1,3/14/20,,,,,
USC00518815,"UNIVERSITY OF HAWAII 713, HI US",21.298,-157.8165,34.1,3/21/20,,,,,
USC00518815,"UNIVERSITY OF HAWAII 713, HI US",21.298,-157.8165,34.1,3/22/20,,,,,
USC00518815,"UNIVERSITY OF HAWAII 713, HI US",21.298,-157.8165,34.1,3/23/20,,,,,
USC00518815,"UNIVERSITY OF HAWAII 713, HI US",21.298,-157.8165,34.1,3/25/20,,,,,
USC00518815,"UNIVERSITY OF HAWAII 713, HI US",21.298,-157.8165,34.1,3/26/20,,,,,
USC00518815,"UNIVERSITY OF HAWAII 713, HI US",21.298,-157.8165,34.1,3/27/20,,,,,
USC00518815,"UNIVERSITY OF HAWAII 713, HI US",21.298,-157.8165,34.1,3/28/20,,,,,
USC00518815,"UNIVERSITY OF HAWAII 713, HI US",21.298,-157.8165,34.1,3/29/20,,,,,
USC00518815,"UNIVERSITY OF HAWAII 713, HI US",21.298,-157.8165,34.1,3/31/20,,,,,
USC00511308,"HAWAII KAI G.C. 724.19, HI US",21.299,-157.6644,8.5,3/3/20,,,,,
USC00511308,"HAWAII KAI G.C. 724.19, HI US",21.299,-157.6644,8.5,3/4/20,,,,,
USC00511308,"HAWAII KAI G.C. 724.19, HI US",21.299,-157.6644,8.5,3/7/20,,,,,
USC00511308,"HAWAII KAI G.C. 724.19, HI US",21.299,-157.6644,8.5,3/10/20,,,,,
USC00511308,"HAWAII KAI G.C. 724.19, HI US",21.299,-157.6644,8.5,3/11/20,,,,,
USC00511308,"HAWAII KAI G.C. 724.19, HI US",21.299,-157.6644,8.5,3/12/20,,,,,
USC00511308,"HAWAII KAI G.C. 724.19, HI US",21.299,-157.6644,8.5,3/18/20,,,,,
USC00511308,"HAWAII KAI G.C. 724.19, HI US",21.299,-157.6644,8.5,3/19/20,,,,,
USC00511308,"HAWAII KAI G.C. 724.19, HI US",21.299,-157.6644,8.5,3/20/20,,,,,
USC00511308,"HAWAII KAI G.C. 724.19, HI US",21.299,-157.6644,8.5,3/22/20,,,,,
USC00511308,"HAWAII KAI G.C. 724.19, HI US",21.299,-157.6644,8.5,3/28/20,,,,,
USC00511308,"HAWAII KAI G.C. 724.19, HI US",21.299,-157.6644,8.5,3/29/20,,,,,
USC00510055,"AHUIMANU LOOP 839.12, HI US",21.43194,-157.83722,74.1,3/1/20,,,,,
USC00510055,"AHUIMANU LOOP 839.12, HI US",21.43194,-157.83722,74.1,3/4/20,,,,,
USC00510055,"AHUIMANU LOOP 839.12, HI US",21.43194,-157.83722,74.1,3/8/20,,,,,
USC00510055,"AHUIMANU LOOP 839.12, HI US",21.43194,-157.83722,74.1,3/9/20,,,,,
USC00510055,"AHUIMANU LOOP 839.12, HI US",21.43194,-157.83722,74.1,3/10/20,,,,,
USC00510055,"AHUIMANU LOOP 839.12, HI US",21.43194,-157.83722,74.1,3/12/20,,,,,
USC00510055,"AHUIMANU LOOP 839.12, HI US",21.43194,-157.83722,74.1,3/13/20,,,,,
USC00510055,"AHUIMANU LOOP 839.12, HI US",21.43194,-157.83722,74.1,3/20/20,,,,,
USC00510055,"AHUIMANU LOOP 839.12, HI US",21.43194,-157.83722,74.1,3/21/20,,,,,
USC00510055,"AHUIMANU LOOP 839.12, HI US",21.43194,-157.83722,74.1,3/23/20,,,,,
USC00518055,"POAMOHO EXPERIMENTAL FARM 855, HI US",21.53833,-158.08917,220.1,3/5/20,,,,,
USC00518055,"POAMOHO EXPERIMENTAL FARM 855, HI US",21.53833,-158.08917,220.1,3/7/20,,,,,
USC00518055,"POAMOHO EXPERIMENTAL FARM 855, HI US",21.53833,-158.08917,220.1,3/12/20,,,,,
USC00518055,"POAMOHO EXPERIMENTAL FARM 855, HI US",21.53833,-158.08917,220.1,3/13/20,,,,,
USC00518055,"POAMOHO EXPERIMENTAL FARM 855, HI US",21.53833,-158.08917,220.1,3/14/20,,,,,
USC00518055,"POAMOHO EXPERIMENTAL FARM 855, HI US",21.53833,-158.08917,220.1,3/18/20,,,,,
USC00518055,"POAMOHO EXPERIMENTAL FARM 855, HI US",21.53833,-158.08917,220.1,3/19/20,,,,,
USC00518055,"POAMOHO EXPERIMENTAL FARM 855, HI US",21.53833,-158.08917,220.1,3/20/20,,,,,
USC00518055,"POAMOHO EXPERIMENTAL FARM 855, HI US",21.53833,-158.08917,220.1,3/21/20,,,,,
USC00518055,"POAMOHO EXPERIMENTAL FARM 855, HI US",21.53833,-158.08917,220.1,3/25/20,,,,,
USC00518055,"POAMOHO EXPERIMENTAL FARM 855, HI US",21.53833,-158.08917,220.1,3/27/20,,,,,
USC00518055,"POAMOHO EXPERIMENTAL FARM 855, HI US",21.53833,-158.08917,220.1,3/28/20,,,,,
USC00519185,"WAIALAE KAHALA 715, HI US",21.2733,-157.7803,3,3/1/20,,,,,
USC00519185,"WAIALAE KAHALA 715, HI US",21.2733,-157.7803,3,3/2/20,,,,,
USC00519185,"WAIALAE KAHALA 715, HI US",21.2733,-157.7803,3,3/3/20,,,,,
USC00519185,"WAIALAE KAHALA 715, HI US",21.2733,-157.7803,3,3/4/20,,,,,
USC00519185,"WAIALAE KAHALA 715, HI US",21.2733,-157.7803,3,3/5/20,,,,,
USC00519185,"WAIALAE KAHALA 715, HI US",21.2733,-157.7803,3,3/6/20,,,,,
USC00519185,"WAIALAE KAHALA 715, HI US",21.2733,-157.7803,3,3/7/20,,,,,
USC00519185,"WAIALAE KAHALA 715, HI US",21.2733,-157.7803,3,3/8/20,,,,,
USC00519185,"WAIALAE KAHALA 715, HI US",21.2733,-157.7803,3,3/9/20,,,,,
USC00519185,"WAIALAE KAHALA 715, HI US",21.2733,-157.7803,3,3/10/20,,,,,
USC00519185,"WAIALAE KAHALA 715, HI US",21.2733,-157.7803,3,3/11/20,,,,,
USC00519185,"WAIALAE KAHALA 715, HI US",21.2733,-157.7803,3,3/12/20,,,,,
USC00519185,"WAIALAE KAHALA 715, HI US",21.2733,-157.7803,3,3/13/20,,,,,
USC00519185,"WAIALAE KAHALA 715, HI US",21.2733,-157.7803,3,3/14/20,,,,,
USC00519185,"WAIALAE KAHALA 715, HI US",21.2733,-157.7803,3,3/15/20,,,,,
USC00519185,"WAIALAE KAHALA 715, HI US",21.2733,-157.7803,3,3/16/20,,,,,
USC00519185,"WAIALAE KAHALA 715, HI US",21.2733,-157.7803,3,3/17/20,,,,,
USC00519185,"WAIALAE KAHALA 715, HI US",21.2733,-157.7803,3,3/18/20,,,,,
USC00519185,"WAIALAE KAHALA 715, HI US",21.2733,-157.7803,3,3/19/20,,,,,
USC00519185,"WAIALAE KAHALA 715, HI US",21.2733,-157.7803,3,3/20/20,,,,,
USC00519185,"WAIALAE KAHALA 715, HI US",21.2733,-157.7803,3,3/21/20,,,,,
USC00519185,"WAIALAE KAHALA 715, HI US",21.2733,-157.7803,3,3/22/20,,,,,
USC00519185,"WAIALAE KAHALA 715, HI US",21.2733,-157.7803,3,3/23/20,,,,,
USC00519185,"WAIALAE KAHALA 715, HI US",21.2733,-157.7803,3,3/24/20,,,,,
USC00519185,"WAIALAE KAHALA 715, HI US",21.2733,-157.7803,3,3/25/20,,,,,
USC00519185,"WAIALAE KAHALA 715, HI US",21.2733,-157.7803,3,3/26/20,,,,,
USC00519185,"WAIALAE KAHALA 715, HI US",21.2733,-157.7803,3,3/27/20,,,,,
USC00519185,"WAIALAE KAHALA 715, HI US",21.2733,-157.7803,3,3/28/20,,,,,
USC00519185,"WAIALAE KAHALA 715, HI US",21.2733,-157.7803,3,3/29/20,,,,,
USC00519185,"WAIALAE KAHALA 715, HI US",21.2733,-157.7803,3,3/30/20,,,,,
USC00519185,"WAIALAE KAHALA 715, HI US",21.2733,-157.7803,3,3/31/20,,,,,
USW00022521,"HONOLULU INTERNATIONAL AIRPORT, HI US",21.324,-157.9294,2.1,3/1/20,74,,,,
USW00022521,"HONOLULU INTERNATIONAL AIRPORT, HI US",21.324,-157.9294,2.1,3/2/20,74,,,,
USW00022521,"HONOLULU INTERNATIONAL AIRPORT, HI US",21.324,-157.9294,2.1,3/3/20,74,,,,
USW00022521,"HONOLULU INTERNATIONAL AIRPORT, HI US",21.324,-157.9294,2.1,3/4/20,76,,,,
USW00022521,"HONOLULU INTERNATIONAL AIRPORT, HI US",21.324,-157.9294,2.1,3/5/20,74,,,,
USW00022521,"HONOLULU INTERNATIONAL AIRPORT, HI US",21.324,-157.9294,2.1,3/6/20,74,,,,
USW00022521,"HONOLULU INTERNATIONAL AIRPORT, HI US",21.324,-157.9294,2.1,3/7/20,74,,,,
USW00022521,"HONOLULU INTERNATIONAL AIRPORT, HI US",21.324,-157.9294,2.1,3/8/20,75,,,,
USW00022521,"HONOLULU INTERNATIONAL AIRPORT, HI US",21.324,-157.9294,2.1,3/9/20,73,,,,
USW00022521,"HONOLULU INTERNATIONAL AIRPORT, HI US",21.324,-157.9294,2.1,3/10/20,72,,,,
USW00022521,"HONOLULU INTERNATIONAL AIRPORT, HI US",21.324,-157.9294,2.1,3/11/20,73,,,,
USW00022521,"HONOLULU INTERNATIONAL AIRPORT, HI US",21.324,-157.9294,2.1,3/12/20,73,,,,
USW00022521,"HONOLULU INTERNATIONAL AIRPORT, HI US",21.324,-157.9294,2.1,3/13/20,72,,,,
USW00022521,"HONOLULU INTERNATIONAL AIRPORT, HI US",21.324,-157.9294,2.1,3/14/20,74,,,,
USW00022521,"HONOLULU INTERNATIONAL AIRPORT, HI US",21.324,-157.9294,2.1,3/15/20,76,,,,
USW00022521,"HONOLULU INTERNATIONAL AIRPORT, HI US",21.324,-157.9294,2.1,3/16/20,77,,,,
USW00022521,"HONOLULU INTERNATIONAL AIRPORT, HI US",21.324,-157.9294,2.1,3/17/20,74,,,,
USW00022521,"HONOLULU INTERNATIONAL AIRPORT, HI US",21.324,-157.9294,2.1,3/18/20,73,,,,
USW00022521,"HONOLULU INTERNATIONAL AIRPORT, HI US",21.324,-157.9294,2.1,3/19/20,72,,,,
USW00022521,"HONOLULU INTERNATIONAL AIRPORT, HI US",21.324,-157.9294,2.1,3/20/20,73,,,,
USW00022521,"HONOLULU INTERNATIONAL AIRPORT, HI US",21.324,-157.9294,2.1,3/21/20,75,,,,
USW00022521,"HONOLULU INTERNATIONAL AIRPORT, HI US",21.324,-157.9294,2.1,3/22/20,77,,,,
USW00022521,"HONOLULU INTERNATIONAL AIRPORT, HI US",21.324,-157.9294,2.1,3/23/20,76,,,,
USW00022521,"HONOLULU INTERNATIONAL AIRPORT, HI US",21.324,-157.9294,2.1,3/24/20,75,,,,
USW00022521,"HONOLULU INTERNATIONAL AIRPORT, HI US",21.324,-157.9294,2.1,3/25/20,73,,,,
USW00022521,"HONOLULU INTERNATIONAL AIRPORT, HI US",21.324,-157.9294,2.1,3/26/20,74,,,,
USW00022521,"HONOLULU INTERNATIONAL AIRPORT, HI US",21.324,-157.9294,2.1,3/27/20,73,,,,
USW00022521,"HONOLULU INTERNATIONAL AIRPORT, HI US",21.324,-157.9294,2.1,3/28/20,73,,,,
USW00022521,"HONOLULU INTERNATIONAL AIRPORT, HI US",21.324,-157.9294,2.1,3/29/20,75,,,,
USW00022521,"HONOLULU INTERNATIONAL AIRPORT, HI US",21.324,-157.9294,2.1,3/30/20,76,,,,
USW00022521,"HONOLULU INTERNATIONAL AIRPORT, HI US",21.324,-157.9294,2.1,3/31/20,75,,,,
USC00510920,"HAKIPUU MAUKA 886.8, HI US",21.50361,-157.8575,39.6,3/3/20,,,,,
USC00510920,"HAKIPUU MAUKA 886.8, HI US",21.50361,-157.8575,39.6,3/4/20,,,,,
USC00510920,"HAKIPUU MAUKA 886.8, HI US",21.50361,-157.8575,39.6,3/5/20,,,,,
USC00510920,"HAKIPUU MAUKA 886.8, HI US",21.50361,-157.8575,39.6,3/6/20,,,,,
USC00510920,"HAKIPUU MAUKA 886.8, HI US",21.50361,-157.8575,39.6,3/7/20,,,,,
USC00510920,"HAKIPUU MAUKA 886.8, HI US",21.50361,-157.8575,39.6,3/10/20,,,,,
USC00510920,"HAKIPUU MAUKA 886.8, HI US",21.50361,-157.8575,39.6,3/11/20,,,,,
USC00510920,"HAKIPUU MAUKA 886.8, HI US",21.50361,-157.8575,39.6,3/12/20,,,,,
USC00510920,"HAKIPUU MAUKA 886.8, HI US",21.50361,-157.8575,39.6,3/18/20,,,,,
USC00510920,"HAKIPUU MAUKA 886.8, HI US",21.50361,-157.8575,39.6,3/19/20,,,,,
USC00510920,"HAKIPUU MAUKA 886.8, HI US",21.50361,-157.8575,39.6,3/20/20,,,,,
USC00510920,"HAKIPUU MAUKA 886.8, HI US",21.50361,-157.8575,39.6,3/21/20,,,,,
USC00510920,"HAKIPUU MAUKA 886.8, HI US",21.50361,-157.8575,39.6,3/28/20,,,,,
USC00510920,"HAKIPUU MAUKA 886.8, HI US",21.50361,-157.8575,39.6,3/30/20,,,,,
USC00510123,"AIEA HEIGHTS 764.6, HI US",21.3948,-157.9101,237.7,3/1/20,,,,,
USC00510123,"AIEA HEIGHTS 764.6, HI US",21.3948,-157.9101,237.7,3/2/20,,,,,
USC00510123,"AIEA HEIGHTS 764.6, HI US",21.3948,-157.9101,237.7,3/3/20,,,,,
USC00510123,"AIEA HEIGHTS 764.6, HI US",21.3948,-157.9101,237.7,3/4/20,,,,,
USC00510123,"AIEA HEIGHTS 764.6, HI US",21.3948,-157.9101,237.7,3/5/20,,,,,
USC00510123,"AIEA HEIGHTS 764.6, HI US",21.3948,-157.9101,237.7,3/6/20,,,,,
USC00510123,"AIEA HEIGHTS 764.6, HI US",21.3948,-157.9101,237.7,3/7/20,,,,,
USC00510123,"AIEA HEIGHTS 764.6, HI US",21.3948,-157.9101,237.7,3/8/20,,,,,
USC00510123,"AIEA HEIGHTS 764.6, HI US",21.3948,-157.9101,237.7,3/9/20,,,,,
USC00510123,"AIEA HEIGHTS 764.6, HI US",21.3948,-157.9101,237.7,3/10/20,,,,,
USC00510123,"AIEA HEIGHTS 764.6, HI US",21.3948,-157.9101,237.7,3/11/20,,,,,
USC00510123,"AIEA HEIGHTS 764.6, HI US",21.3948,-157.9101,237.7,3/12/20,,,,,
USC00510123,"AIEA HEIGHTS 764.6, HI US",21.3948,-157.9101,237.7,3/13/20,,,,,
USC00510123,"AIEA HEIGHTS 764.6, HI US",21.3948,-157.9101,237.7,3/14/20,,,,,
USC00510123,"AIEA HEIGHTS 764.6, HI US",21.3948,-157.9101,237.7,3/15/20,,,,,
USC00510123,"AIEA HEIGHTS 764.6, HI US",21.3948,-157.9101,237.7,3/16/20,,,,,
USC00510123,"AIEA HEIGHTS 764.6, HI US",21.3948,-157.9101,237.7,3/17/20,,,,,
USC00510123,"AIEA HEIGHTS 764.6, HI US",21.3948,-157.9101,237.7,3/18/20,,,,,
USC00510123,"AIEA HEIGHTS 764.6, HI US",21.3948,-157.9101,237.7,3/19/20,,,,,
USC00510123,"AIEA HEIGHTS 764.6, HI US",21.3948,-157.9101,237.7,3/20/20,,,,,
USC00510123,"AIEA HEIGHTS 764.6, HI US",21.3948,-157.9101,237.7,3/21/20,,,,,
USC00510123,"AIEA HEIGHTS 764.6, HI US",21.3948,-157.9101,237.7,3/22/20,,,,,
USC00510123,"AIEA HEIGHTS 764.6, HI US",21.3948,-157.9101,237.7,3/23/20,,,,,
USC00510123,"AIEA HEIGHTS 764.6, HI US",21.3948,-157.9101,237.7,3/24/20,,,,,
USC00510123,"AIEA HEIGHTS 764.6, HI US",21.3948,-157.9101,237.7,3/25/20,,,,,
USC00510123,"AIEA HEIGHTS 764.6, HI US",21.3948,-157.9101,237.7,3/26/20,,,,,
USC00510123,"AIEA HEIGHTS 764.6, HI US",21.3948,-157.9101,237.7,3/27/20,,,,,
USC00510123,"AIEA HEIGHTS 764.6, HI US",21.3948,-157.9101,237.7,3/28/20,,,,,
USC00510123,"AIEA HEIGHTS 764.6, HI US",21.3948,-157.9101,237.7,3/29/20,,,,,
USC00510123,"AIEA HEIGHTS 764.6, HI US",21.3948,-157.9101,237.7,3/30/20,,,,,
USC00510123,"AIEA HEIGHTS 764.6, HI US",21.3948,-157.9101,237.7,3/31/20,,,,,
US1HIHN0010,"HONOLULU 2.7 SSE, HI US",21.284986,-157.781579,112.5,3/1/20,,,,,
US1HIHN0010,"HONOLULU 2.7 SSE, HI US",21.284986,-157.781579,112.5,3/2/20,,,,,
US1HIHN0010,"HONOLULU 2.7 SSE, HI US",21.284986,-157.781579,112.5,3/3/20,,,,,
US1HIHN0010,"HONOLULU 2.7 SSE, HI US",21.284986,-157.781579,112.5,3/4/20,,,,,
US1HIHN0010,"HONOLULU 2.7 SSE, HI US",21.284986,-157.781579,112.5,3/5/20,,,,,
US1HIHN0010,"HONOLULU 2.7 SSE, HI US",21.284986,-157.781579,112.5,3/6/20,,,,,
US1HIHN0010,"HONOLULU 2.7 SSE, HI US",21.284986,-157.781579,112.5,3/7/20,,,,,
US1HIHN0010,"HONOLULU 2.7 SSE, HI US",21.284986,-157.781579,112.5,3/8/20,,,,,
US1HIHN0010,"HONOLULU 2.7 SSE, HI US",21.284986,-157.781579,112.5,3/9/20,,,,,
US1HIHN0010,"HONOLULU 2.7 SSE, HI US",21.284986,-157.781579,112.5,3/10/20,,,,,
US1HIHN0010,"HONOLULU 2.7 SSE, HI US",21.284986,-157.781579,112.5,3/11/20,,,,,
US1HIHN0010,"HONOLULU 2.7 SSE, HI US",21.284986,-157.781579,112.5,3/12/20,,,,,
US1HIHN0010,"HONOLULU 2.7 SSE, HI US",21.284986,-157.781579,112.5,3/13/20,,,,,
US1HIHN0010,"HONOLULU 2.7 SSE, HI US",21.284986,-157.781579,112.5,3/14/20,,,,,
US1HIHN0010,"HONOLULU 2.7 SSE, HI US",21.284986,-157.781579,112.5,3/16/20,,,,,
US1HIHN0010,"HONOLULU 2.7 SSE, HI US",21.284986,-157.781579,112.5,3/17/20,,,,,
US1HIHN0010,"HONOLULU 2.7 SSE, HI US",21.284986,-157.781579,112.5,3/18/20,,,,,
US1HIHN0010,"HONOLULU 2.7 SSE, HI US",21.284986,-157.781579,112.5,3/19/20,,,,,
US1HIHN0010,"HONOLULU 2.7 SSE, HI US",21.284986,-157.781579,112.5,3/20/20,,,,,
US1HIHN0010,"HONOLULU 2.7 SSE, HI US",21.284986,-157.781579,112.5,3/21/20,,,,,
US1HIHN0010,"HONOLULU 2.7 SSE, HI US",21.284986,-157.781579,112.5,3/22/20,,,,,
US1HIHN0010,"HONOLULU 2.7 SSE, HI US",21.284986,-157.781579,112.5,3/23/20,,,,,
US1HIHN0010,"HONOLULU 2.7 SSE, HI US",21.284986,-157.781579,112.5,3/24/20,,,,,
US1HIHN0010,"HONOLULU 2.7 SSE, HI US",21.284986,-157.781579,112.5,3/25/20,,,,,
US1HIHN0010,"HONOLULU 2.7 SSE, HI US",21.284986,-157.781579,112.5,3/26/20,,,,,
US1HIHN0010,"HONOLULU 2.7 SSE, HI US",21.284986,-157.781579,112.5,3/27/20,,,,,
US1HIHN0010,"HONOLULU 2.7 SSE, HI US",21.284986,-157.781579,112.5,3/28/20,,,,,
US1HIHN0010,"HONOLULU 2.7 SSE, HI US",21.284986,-157.781579,112.5,3/29/20,,,,,
US1HIHN0010,"HONOLULU 2.7 SSE, HI US",21.284986,-157.781579,112.5,3/30/20,,,,,
US1HIHN0010,"HONOLULU 2.7 SSE, HI US",21.284986,-157.781579,112.5,3/31/20,,,,,
USC00515655,"LULUKU 781.7, HI US",21.3875,-157.8094,81.7,3/3/20,,,,,
USC00515655,"LULUKU 781.7, HI US",21.3875,-157.8094,81.7,3/4/20,,,,,
USC00515655,"LULUKU 781.7, HI US",21.3875,-157.8094,81.7,3/7/20,,,,,
USC00515655,"LULUKU 781.7, HI US",21.3875,-157.8094,81.7,3/11/20,,,,,
USC00515655,"LULUKU 781.7, HI US",21.3875,-157.8094,81.7,3/12/20,,,,,
USC00515655,"LULUKU 781.7, HI US",21.3875,-157.8094,81.7,3/13/20,,,,,
USC00515655,"LULUKU 781.7, HI US",21.3875,-157.8094,81.7,3/18/20,,,,,
USC00515655,"LULUKU 781.7, HI US",21.3875,-157.8094,81.7,3/19/20,,,,,
USC00515655,"LULUKU 781.7, HI US",21.3875,-157.8094,81.7,3/20/20,,,,,
USC00515655,"LULUKU 781.7, HI US",21.3875,-157.8094,81.7,3/21/20,,,,,
USC00515655,"LULUKU 781.7, HI US",21.3875,-157.8094,81.7,3/24/20,,,,,
USC00516865,"NIU VALLEY 723.8, HI US",21.29028,-157.735,47.5,3/1/20,,,,,
USC00516865,"NIU VALLEY 723.8, HI US",21.29028,-157.735,47.5,3/2/20,,,,,
USC00516865,"NIU VALLEY 723.8, HI US",21.29028,-157.735,47.5,3/3/20,,,,,
USC00516865,"NIU VALLEY 723.8, HI US",21.29028,-157.735,47.5,3/4/20,,,,,
USC00516865,"NIU VALLEY 723.8, HI US",21.29028,-157.735,47.5,3/7/20,,,,,
USC00516865,"NIU VALLEY 723.8, HI US",21.29028,-157.735,47.5,3/11/20,,,,,
USC00516865,"NIU VALLEY 723.8, HI US",21.29028,-157.735,47.5,3/12/20,,,,,
USC00516865,"NIU VALLEY 723.8, HI US",21.29028,-157.735,47.5,3/13/20,,,,,
USC00516865,"NIU VALLEY 723.8, HI US",21.29028,-157.735,47.5,3/20/20,,,,,
USC00516865,"NIU VALLEY 723.8, HI US",21.29028,-157.735,47.5,3/21/20,,,,,
USC00516865,"NIU VALLEY 723.8, HI US",21.29028,-157.735,47.5,3/28/20,,,,,
USC00516865,"NIU VALLEY 723.8, HI US",21.29028,-157.735,47.5,3/29/20,,,,,
US1HIHN0014,"AIEA 0.7 ENE, HI US",21.3930397,-157.9185791,175,3/1/20,,,,,
US1HIHN0014,"AIEA 0.7 ENE, HI US",21.3930397,-157.9185791,175,3/2/20,,,,,
US1HIHN0014,"AIEA 0.7 ENE, HI US",21.3930397,-157.9185791,175,3/3/20,,,,,
US1HIHN0014,"AIEA 0.7 ENE, HI US",21.3930397,-157.9185791,175,3/4/20,,,,,
US1HIHN0014,"AIEA 0.7 ENE, HI US",21.3930397,-157.9185791,175,3/5/20,,,,,
US1HIHN0014,"AIEA 0.7 ENE, HI US",21.3930397,-157.9185791,175,3/6/20,,,,,
US1HIHN0014,"AIEA 0.7 ENE, HI US",21.3930397,-157.9185791,175,3/7/20,,,,,
US1HIHN0014,"AIEA 0.7 ENE, HI US",21.3930397,-157.9185791,175,3/8/20,,,,,
US1HIHN0014,"AIEA 0.7 ENE, HI US",21.3930397,-157.9185791,175,3/9/20,,,,,
US1HIHN0014,"AIEA 0.7 ENE, HI US",21.3930397,-157.9185791,175,3/10/20,,,,,
US1HIHN0014,"AIEA 0.7 ENE, HI US",21.3930397,-157.9185791,175,3/11/20,,,,,
US1HIHN0014,"AIEA 0.7 ENE, HI US",21.3930397,-157.9185791,175,3/12/20,,,,,
US1HIHN0014,"AIEA 0.7 ENE, HI US",21.3930397,-157.9185791,175,3/13/20,,,,,
US1HIHN0014,"AIEA 0.7 ENE, HI US",21.3930397,-157.9185791,175,3/14/20,,,,,
US1HIHN0014,"AIEA 0.7 ENE, HI US",21.3930397,-157.9185791,175,3/15/20,,,,,
US1HIHN0014,"AIEA 0.7 ENE, HI US",21.3930397,-157.9185791,175,3/16/20,,,,,
US1HIHN0014,"AIEA 0.7 ENE, HI US",21.3930397,-157.9185791,175,3/17/20,,,,,
US1HIHN0014,"AIEA 0.7 ENE, HI US",21.3930397,-157.9185791,175,3/18/20,,,,,
US1HIHN0014,"AIEA 0.7 ENE, HI US",21.3930397,-157.9185791,175,3/19/20,,,,,
US1HIHN0014,"AIEA 0.7 ENE, HI US",21.3930397,-157.9185791,175,3/20/20,,,,,
US1HIHN0014,"AIEA 0.7 ENE, HI US",21.3930397,-157.9185791,175,3/21/20,,,,,
US1HIHN0014,"AIEA 0.7 ENE, HI US",21.3930397,-157.9185791,175,3/22/20,,,,,
US1HIHN0014,"AIEA 0.7 ENE, HI US",21.3930397,-157.9185791,175,3/23/20,,,,,
US1HIHN0014,"AIEA 0.7 ENE, HI US",21.3930397,-157.9185791,175,3/24/20,,,,,
US1HIHN0014,"AIEA 0.7 ENE, HI US",21.3930397,-157.9185791,175,3/25/20,,,,,
US1HIHN0014,"AIEA 0.7 ENE, HI US",21.3930397,-157.9185791,175,3/26/20,,,,,
US1HIHN0014,"AIEA 0.7 ENE, HI US",21.3930397,-157.9185791,175,3/27/20,,,,,
US1HIHN0014,"AIEA 0.7 ENE, HI US",21.3930397,-157.9185791,175,3/29/20,,,,,
US1HIHN0014,"AIEA 0.7 ENE, HI US",21.3930397,-157.9185791,175,3/30/20,,,,,
US1HIHN0014,"AIEA 0.7 ENE, HI US",21.3930397,-157.9185791,175,3/31/20,,,,,
USC00519257,"WAIAWA CF 834.13, HI US",21.4439,-157.967,236.2,3/13/20,,,,,
USC00519257,"WAIAWA CF 834.13, HI US",21.4439,-157.967,236.2,3/14/20,,,,,
USC00519257,"WAIAWA CF 834.13, HI US",21.4439,-157.967,236.2,3/17/20,,,,,
USC00519257,"WAIAWA CF 834.13, HI US",21.4439,-157.967,236.2,3/18/20,,,,,
USC00519257,"WAIAWA CF 834.13, HI US",21.4439,-157.967,236.2,3/19/20,,,,,
USC00519257,"WAIAWA CF 834.13, HI US",21.4439,-157.967,236.2,3/30/20,,,,,
USC00519257,"WAIAWA CF 834.13, HI US",21.4439,-157.967,236.2,3/31/20,,,,,
USR0000HMRG,"MAKUA RIDGE HAWAII, HI US",21.5428,-158.1989,533.4,3/1/20,63,,,,
USR0000HMRG,"MAKUA RIDGE HAWAII, HI US",21.5428,-158.1989,533.4,3/2/20,64,,,,
USR0000HMRG,"MAKUA RIDGE HAWAII, HI US",21.5428,-158.1989,533.4,3/3/20,70,,,,
USR0000HMRG,"MAKUA RIDGE HAWAII, HI US",21.5428,-158.1989,533.4,3/4/20,69,,,,
USR0000HMRG,"MAKUA RIDGE HAWAII, HI US",21.5428,-158.1989,533.4,3/5/20,66,,,,
USR0000HMRG,"MAKUA RIDGE HAWAII, HI US",21.5428,-158.1989,533.4,3/6/20,64,,,,
USR0000HMRG,"MAKUA RIDGE HAWAII, HI US",21.5428,-158.1989,533.4,3/7/20,63,,,,
USR0000HMRG,"MAKUA RIDGE HAWAII, HI US",21.5428,-158.1989,533.4,3/8/20,63,,,,
USR0000HMRG,"MAKUA RIDGE HAWAII, HI US",21.5428,-158.1989,533.4,3/9/20,61,,,,
USR0000HMRG,"MAKUA RIDGE HAWAII, HI US",21.5428,-158.1989,533.4,3/10/20,67,,,,
USR0000HMRG,"MAKUA RIDGE HAWAII, HI US",21.5428,-158.1989,533.4,3/11/20,68,,,,
USR0000HMRG,"MAKUA RIDGE HAWAII, HI US",21.5428,-158.1989,533.4,3/12/20,66,,,,
USR0000HMRG,"MAKUA RIDGE HAWAII, HI US",21.5428,-158.1989,533.4,3/13/20,64,,,,
USR0000HMRG,"MAKUA RIDGE HAWAII, HI US",21.5428,-158.1989,533.4,3/14/20,64,,,,
USR0000HMRG,"MAKUA RIDGE HAWAII, HI US",21.5428,-158.1989,533.4,3/15/20,67,,,,
USR0000HMRG,"MAKUA RIDGE HAWAII, HI US",21.5428,-158.1989,533.4,3/16/20,67,,,,
USR0000HMRG,"MAKUA RIDGE HAWAII, HI US",21.5428,-158.1989,533.4,3/17/20,66,,,,
USR0000HMRG,"MAKUA RIDGE HAWAII, HI US",21.5428,-158.1989,533.4,3/18/20,67,,,,
USR0000HMRG,"MAKUA RIDGE HAWAII, HI US",21.5428,-158.1989,533.4,3/19/20,70,,,,
USR0000HMRG,"MAKUA RIDGE HAWAII, HI US",21.5428,-158.1989,533.4,3/20/20,71,,,,
USR0000HMRG,"MAKUA RIDGE HAWAII, HI US",21.5428,-158.1989,533.4,3/21/20,68,,,,
USR0000HMRG,"MAKUA RIDGE HAWAII, HI US",21.5428,-158.1989,533.4,3/22/20,66,,,,
USR0000HMRG,"MAKUA RIDGE HAWAII, HI US",21.5428,-158.1989,533.4,3/23/20,64,,,,
USR0000HMRG,"MAKUA RIDGE HAWAII, HI US",21.5428,-158.1989,533.4,3/24/20,63,,,,
USR0000HMRG,"MAKUA RIDGE HAWAII, HI US",21.5428,-158.1989,533.4,3/25/20,63,,,,
USR0000HMRG,"MAKUA RIDGE HAWAII, HI US",21.5428,-158.1989,533.4,3/26/20,63,,,,
USR0000HMRG,"MAKUA RIDGE HAWAII, HI US",21.5428,-158.1989,533.4,3/27/20,64,,,,
USR0000HMRG,"MAKUA RIDGE HAWAII, HI US",21.5428,-158.1989,533.4,3/28/20,68,,,,
USR0000HMRG,"MAKUA RIDGE HAWAII, HI US",21.5428,-158.1989,533.4,3/29/20,67,,,,
USR0000HMRG,"MAKUA RIDGE HAWAII, HI US",21.5428,-158.1989,533.4,3/30/20,68,,,,
USR0000HMRG,"MAKUA RIDGE HAWAII, HI US",21.5428,-158.1989,533.4,3/31/20,65,,,,
USR0000HWVA,"WAIANAE VALLEY HAWAII, HI US",21.4806,-158.1553,291.7,3/1/20,70,,,,
USR0000HWVA,"WAIANAE VALLEY HAWAII, HI US",21.4806,-158.1553,291.7,3/2/20,69,,,,
USR0000HWVA,"WAIANAE VALLEY HAWAII, HI US",21.4806,-158.1553,291.7,3/3/20,71,,,,
USR0000HWVA,"WAIANAE VALLEY HAWAII, HI US",21.4806,-158.1553,291.7,3/4/20,71,,,,
USR0000HWVA,"WAIANAE VALLEY HAWAII, HI US",21.4806,-158.1553,291.7,3/5/20,69,,,,
USR0000HWVA,"WAIANAE VALLEY HAWAII, HI US",21.4806,-158.1553,291.7,3/6/20,70,,,,
USR0000HWVA,"WAIANAE VALLEY HAWAII, HI US",21.4806,-158.1553,291.7,3/7/20,70,,,,
USR0000HWVA,"WAIANAE VALLEY HAWAII, HI US",21.4806,-158.1553,291.7,3/8/20,69,,,,
USR0000HWVA,"WAIANAE VALLEY HAWAII, HI US",21.4806,-158.1553,291.7,3/9/20,67,,,,
USR0000HWVA,"WAIANAE VALLEY HAWAII, HI US",21.4806,-158.1553,291.7,3/10/20,69,,,,
USR0000HWVA,"WAIANAE VALLEY HAWAII, HI US",21.4806,-158.1553,291.7,3/11/20,69,,,,
USR0000HWVA,"WAIANAE VALLEY HAWAII, HI US",21.4806,-158.1553,291.7,3/12/20,68,,,,
USR0000HWVA,"WAIANAE VALLEY HAWAII, HI US",21.4806,-158.1553,291.7,3/13/20,70,,,,
USR0000HWVA,"WAIANAE VALLEY HAWAII, HI US",21.4806,-158.1553,291.7,3/14/20,72,,,,
USR0000HWVA,"WAIANAE VALLEY HAWAII, HI US",21.4806,-158.1553,291.7,3/15/20,72,,,,
USR0000HWVA,"WAIANAE VALLEY HAWAII, HI US",21.4806,-158.1553,291.7,3/16/20,70,,,,
USR0000HWVA,"WAIANAE VALLEY HAWAII, HI US",21.4806,-158.1553,291.7,3/17/20,68,,,,
USR0000HWVA,"WAIANAE VALLEY HAWAII, HI US",21.4806,-158.1553,291.7,3/18/20,70,,,,
USR0000HWVA,"WAIANAE VALLEY HAWAII, HI US",21.4806,-158.1553,291.7,3/19/20,70,,,,
USR0000HWVA,"WAIANAE VALLEY HAWAII, HI US",21.4806,-158.1553,291.7,3/20/20,71,,,,
USR0000HWVA,"WAIANAE VALLEY HAWAII, HI US",21.4806,-158.1553,291.7,3/21/20,70,,,,
USR0000HWVA,"WAIANAE VALLEY HAWAII, HI US",21.4806,-158.1553,291.7,3/22/20,71,,,,
USR0000HWVA,"WAIANAE VALLEY HAWAII, HI US",21.4806,-158.1553,291.7,3/23/20,70,,,,
USR0000HWVA,"WAIANAE VALLEY HAWAII, HI US",21.4806,-158.1553,291.7,3/24/20,68,,,,
USR0000HWVA,"WAIANAE VALLEY HAWAII, HI US",21.4806,-158.1553,291.7,3/25/20,68,,,,
USR0000HWVA,"WAIANAE VALLEY HAWAII, HI US",21.4806,-158.1553,291.7,3/26/20,69,,,,
USR0000HWVA,"WAIANAE VALLEY HAWAII, HI US",21.4806,-158.1553,291.7,3/27/20,69,,,,
USR0000HWVA,"WAIANAE VALLEY HAWAII, HI US",21.4806,-158.1553,291.7,3/28/20,72,,,,
USR0000HWVA,"WAIANAE VALLEY HAWAII, HI US",21.4806,-158.1553,291.7,3/29/20,72,,,,
USR0000HWVA,"WAIANAE VALLEY HAWAII, HI US",21.4806,-158.1553,291.7,3/30/20,72,,,,
USR0000HWVA,"WAIANAE VALLEY HAWAII, HI US",21.4806,-158.1553,291.7,3/31/20,70,,,,
USC00516222,"MAUNAWILI 787.1, HI US",21.35083,-157.76667,127.7,3/7/20,,,,,
USC00516222,"MAUNAWILI 787.1, HI US",21.35083,-157.76667,127.7,3/18/20,,,,,
USC00516222,"MAUNAWILI 787.1, HI US",21.35083,-157.76667,127.7,3/19/20,,,,,
USC00516222,"MAUNAWILI 787.1, HI US",21.35083,-157.76667,127.7,3/20/20,,,,,
USC00516222,"MAUNAWILI 787.1, HI US",21.35083,-157.76667,127.7,3/21/20,,,,,
USR0000HMAR,"MAKUA RANGE HAWAII, HI US",21.5286,-158.2261,6.1,3/1/20,73,,,,
USR0000HMAR,"MAKUA RANGE HAWAII, HI US",21.5286,-158.2261,6.1,3/2/20,76,,,,
USR0000HMAR,"MAKUA RANGE HAWAII, HI US",21.5286,-158.2261,6.1,3/3/20,78,,,,
USR0000HMAR,"MAKUA RANGE HAWAII, HI US",21.5286,-158.2261,6.1,3/4/20,75,,,,
USR0000HMAR,"MAKUA RANGE HAWAII, HI US",21.5286,-158.2261,6.1,3/5/20,71,,,,
USR0000HMAR,"MAKUA RANGE HAWAII, HI US",21.5286,-158.2261,6.1,3/6/20,74,,,,
USR0000HMAR,"MAKUA RANGE HAWAII, HI US",21.5286,-158.2261,6.1,3/7/20,72,,,,
USR0000HMAR,"MAKUA RANGE HAWAII, HI US",21.5286,-158.2261,6.1,3/8/20,70,,,,
USR0000HMAR,"MAKUA RANGE HAWAII, HI US",21.5286,-158.2261,6.1,3/9/20,70,,,,
USR0000HMAR,"MAKUA RANGE HAWAII, HI US",21.5286,-158.2261,6.1,3/10/20,67,,,,
USR0000HMAR,"MAKUA RANGE HAWAII, HI US",21.5286,-158.2261,6.1,3/12/20,76,,,,
USR0000HMAR,"MAKUA RANGE HAWAII, HI US",21.5286,-158.2261,6.1,3/13/20,72,,,,
USR0000HMAR,"MAKUA RANGE HAWAII, HI US",21.5286,-158.2261,6.1,3/14/20,74,,,,
USR0000HMAR,"MAKUA RANGE HAWAII, HI US",21.5286,-158.2261,6.1,3/15/20,74,,,,
USR0000HMAR,"MAKUA RANGE HAWAII, HI US",21.5286,-158.2261,6.1,3/16/20,75,,,,
USR0000HMAR,"MAKUA RANGE HAWAII, HI US",21.5286,-158.2261,6.1,3/17/20,72,,,,
USR0000HMAR,"MAKUA RANGE HAWAII, HI US",21.5286,-158.2261,6.1,3/18/20,69,,,,
USR0000HMAR,"MAKUA RANGE HAWAII, HI US",21.5286,-158.2261,6.1,3/19/20,71,,,,
USR0000HMAR,"MAKUA RANGE HAWAII, HI US",21.5286,-158.2261,6.1,3/20/20,74,,,,
USR0000HMAR,"MAKUA RANGE HAWAII, HI US",21.5286,-158.2261,6.1,3/21/20,73,,,,
USR0000HMAR,"MAKUA RANGE HAWAII, HI US",21.5286,-158.2261,6.1,3/22/20,72,,,,
USR0000HMAR,"MAKUA RANGE HAWAII, HI US",21.5286,-158.2261,6.1,3/23/20,73,,,,
USR0000HMAR,"MAKUA RANGE HAWAII, HI US",21.5286,-158.2261,6.1,3/24/20,71,,,,
USR0000HMAR,"MAKUA RANGE HAWAII, HI US",21.5286,-158.2261,6.1,3/25/20,72,,,,
USR0000HMAR,"MAKUA RANGE HAWAII, HI US",21.5286,-158.2261,6.1,3/26/20,73,,,,
USR0000HMAR,"MAKUA RANGE HAWAII, HI US",21.5286,-158.2261,6.1,3/27/20,71,,,,
USR0000HMAR,"MAKUA RANGE HAWAII, HI US",21.5286,-158.2261,6.1,3/28/20,74,,,,
USR0000HMAR,"MAKUA RANGE HAWAII, HI US",21.5286,-158.2261,6.1,3/29/20,75,,,,
USR0000HMAR,"MAKUA RANGE HAWAII, HI US",21.5286,-158.2261,6.1,3/30/20,74,,,,
USR0000HMAR,"MAKUA RANGE HAWAII, HI US",21.5286,-158.2261,6.1,3/31/20,73,,,,
USC00518601,"ST STEPHEN S SEMINARY, HI US",21.36667,-157.77861,143,3/1/20,,,,,
USC00518601,"ST STEPHEN S SEMINARY, HI US",21.36667,-157.77861,143,3/3/20,,,,,
USC00518601,"ST STEPHEN S SEMINARY, HI US",21.36667,-157.77861,143,3/4/20,,,,,
USC00518601,"ST STEPHEN S SEMINARY, HI US",21.36667,-157.77861,143,3/7/20,,,,,
USC00518601,"ST STEPHEN S SEMINARY, HI US",21.36667,-157.77861,143,3/10/20,,,,,
USC00518601,"ST STEPHEN S SEMINARY, HI US",21.36667,-157.77861,143,3/11/20,,,,,
USC00518601,"ST STEPHEN S SEMINARY, HI US",21.36667,-157.77861,143,3/12/20,,,,,
USC00518601,"ST STEPHEN S SEMINARY, HI US",21.36667,-157.77861,143,3/13/20,,,,,
USC00518601,"ST STEPHEN S SEMINARY, HI US",21.36667,-157.77861,143,3/18/20,,,,,
USC00518601,"ST STEPHEN S SEMINARY, HI US",21.36667,-157.77861,143,3/19/20,,,,,
USC00518601,"ST STEPHEN S SEMINARY, HI US",21.36667,-157.77861,143,3/20/20,,,,,
USC00518601,"ST STEPHEN S SEMINARY, HI US",21.36667,-157.77861,143,3/21/20,,,,,
USC00516261,"MILILANI 820.6, HI US",21.4638,-157.9991,226.8,3/3/20,,,,,
USC00516261,"MILILANI 820.6, HI US",21.4638,-157.9991,226.8,3/4/20,,,,,
USC00516261,"MILILANI 820.6, HI US",21.4638,-157.9991,226.8,3/14/20,,,,,
USC00516261,"MILILANI 820.6, HI US",21.4638,-157.9991,226.8,3/19/20,,,,,
USC00516261,"MILILANI 820.6, HI US",21.4638,-157.9991,226.8,3/20/20,,,,,
USC00516261,"MILILANI 820.6, HI US",21.4638,-157.9991,226.8,3/21/20,,,,,
USC00516261,"MILILANI 820.6, HI US",21.4638,-157.9991,226.8,3/28/20,,,,,
USC00516261,"MILILANI 820.6, HI US",21.4638,-157.9991,226.8,3/30/20,,,,,
USC00516261,"MILILANI 820.6, HI US",21.4638,-157.9991,226.8,3/31/20,,,,,
USC00512410,"KAENA POINT 841.3, HI US",21.561,-158.2382,403.9,3/2/20,,,,,
USC00512410,"KAENA POINT 841.3, HI US",21.561,-158.2382,403.9,3/3/20,,,,,
USC00512410,"KAENA POINT 841.3, HI US",21.561,-158.2382,403.9,3/4/20,,,,,
USC00512410,"KAENA POINT 841.3, HI US",21.561,-158.2382,403.9,3/6/20,,,,,
USC00512410,"KAENA POINT 841.3, HI US",21.561,-158.2382,403.9,3/9/20,,,,,
USC00512410,"KAENA POINT 841.3, HI US",21.561,-158.2382,403.9,3/10/20,,,,,
USC00512410,"KAENA POINT 841.3, HI US",21.561,-158.2382,403.9,3/11/20,,,,,
USC00512410,"KAENA POINT 841.3, HI US",21.561,-158.2382,403.9,3/12/20,,,,,
USC00512410,"KAENA POINT 841.3, HI US",21.561,-158.2382,403.9,3/13/20,,,,,
USC00512410,"KAENA POINT 841.3, HI US",21.561,-158.2382,403.9,3/16/20,,,,,
USC00512410,"KAENA POINT 841.3, HI US",21.561,-158.2382,403.9,3/17/20,,,,,
USC00512410,"KAENA POINT 841.3, HI US",21.561,-158.2382,403.9,3/18/20,,,,,
USC00512410,"KAENA POINT 841.3, HI US",21.561,-158.2382,403.9,3/19/20,,,,,
USC00512410,"KAENA POINT 841.3, HI US",21.561,-158.2382,403.9,3/30/20,,,,,
USC00513268,"KAPALAMA 773, HI US",21.33889,-157.85806,187.1,3/2/20,,,,,
USC00513268,"KAPALAMA 773, HI US",21.33889,-157.85806,187.1,3/3/20,,,,,
USC00513268,"KAPALAMA 773, HI US",21.33889,-157.85806,187.1,3/4/20,,,,,
USC00513268,"KAPALAMA 773, HI US",21.33889,-157.85806,187.1,3/5/20,,,,,
USC00513268,"KAPALAMA 773, HI US",21.33889,-157.85806,187.1,3/6/20,,,,,
USC00513268,"KAPALAMA 773, HI US",21.33889,-157.85806,187.1,3/9/20,,,,,
USC00513268,"KAPALAMA 773, HI US",21.33889,-157.85806,187.1,3/10/20,,,,,
USC00513268,"KAPALAMA 773, HI US",21.33889,-157.85806,187.1,3/11/20,,,,,
USC00513268,"KAPALAMA 773, HI US",21.33889,-157.85806,187.1,3/12/20,,,,,
USC00513268,"KAPALAMA 773, HI US",21.33889,-157.85806,187.1,3/13/20,,,,,
USC00513268,"KAPALAMA 773, HI US",21.33889,-157.85806,187.1,3/16/20,,,,,
USC00513268,"KAPALAMA 773, HI US",21.33889,-157.85806,187.1,3/17/20,,,,,
USC00513268,"KAPALAMA 773, HI US",21.33889,-157.85806,187.1,3/18/20,,,,,
USC00513268,"KAPALAMA 773, HI US",21.33889,-157.85806,187.1,3/19/20,,,,,
USC00513268,"KAPALAMA 773, HI US",21.33889,-157.85806,187.1,3/20/20,,,,,
USC00513268,"KAPALAMA 773, HI US",21.33889,-157.85806,187.1,3/23/20,,,,,
USC00513268,"KAPALAMA 773, HI US",21.33889,-157.85806,187.1,3/30/20,,,,,
USC00513268,"KAPALAMA 773, HI US",21.33889,-157.85806,187.1,3/31/20,,,,,
USC00514830,"KUALOA RANCH HEADQUARTERS 886.9, HI US",21.52037,-157.83885,14.6,3/1/20,,,,,
USC00514830,"KUALOA RANCH HEADQUARTERS 886.9, HI US",21.52037,-157.83885,14.6,3/2/20,,,,,
USC00514830,"KUALOA RANCH HEADQUARTERS 886.9, HI US",21.52037,-157.83885,14.6,3/3/20,,,,,
USC00514830,"KUALOA RANCH HEADQUARTERS 886.9, HI US",21.52037,-157.83885,14.6,3/4/20,,,,,
USC00514830,"KUALOA RANCH HEADQUARTERS 886.9, HI US",21.52037,-157.83885,14.6,3/5/20,,,,,
USC00514830,"KUALOA RANCH HEADQUARTERS 886.9, HI US",21.52037,-157.83885,14.6,3/6/20,,,,,
USC00514830,"KUALOA RANCH HEADQUARTERS 886.9, HI US",21.52037,-157.83885,14.6,3/7/20,,,,,
USC00514830,"KUALOA RANCH HEADQUARTERS 886.9, HI US",21.52037,-157.83885,14.6,3/8/20,,,,,
USC00514830,"KUALOA RANCH HEADQUARTERS 886.9, HI US",21.52037,-157.83885,14.6,3/9/20,,,,,
USC00514830,"KUALOA RANCH HEADQUARTERS 886.9, HI US",21.52037,-157.83885,14.6,3/10/20,,,,,
USC00514830,"KUALOA RANCH HEADQUARTERS 886.9, HI US",21.52037,-157.83885,14.6,3/11/20,,,,,
USC00514830,"KUALOA RANCH HEADQUARTERS 886.9, HI US",21.52037,-157.83885,14.6,3/12/20,,,,,
USC00514830,"KUALOA RANCH HEADQUARTERS 886.9, HI US",21.52037,-157.83885,14.6,3/13/20,,,,,
USC00514830,"KUALOA RANCH HEADQUARTERS 886.9, HI US",21.52037,-157.83885,14.6,3/14/20,,,,,
USC00514830,"KUALOA RANCH HEADQUARTERS 886.9, HI US",21.52037,-157.83885,14.6,3/15/20,,,,,
USC00514830,"KUALOA RANCH HEADQUARTERS 886.9, HI US",21.52037,-157.83885,14.6,3/16/20,,,,,
USC00514830,"KUALOA RANCH HEADQUARTERS 886.9, HI US",21.52037,-157.83885,14.6,3/17/20,,,,,
USC00514830,"KUALOA RANCH HEADQUARTERS 886.9, HI US",21.52037,-157.83885,14.6,3/18/20,,,,,
USC00514830,"KUALOA RANCH HEADQUARTERS 886.9, HI US",21.52037,-157.83885,14.6,3/19/20,,,,,
USC00514830,"KUALOA RANCH HEADQUARTERS 886.9, HI US",21.52037,-157.83885,14.6,3/20/20,,,,,
USC00514830,"KUALOA RANCH HEADQUARTERS 886.9, HI US",21.52037,-157.83885,14.6,3/22/20,,,,,
USC00514830,"KUALOA RANCH HEADQUARTERS 886.9, HI US",21.52037,-157.83885,14.6,3/23/20,,,,,
USC00514830,"KUALOA RANCH HEADQUARTERS 886.9, HI US",21.52037,-157.83885,14.6,3/24/20,,,,,
USC00514830,"KUALOA RANCH HEADQUARTERS 886.9, HI US",21.52037,-157.83885,14.6,3/25/20,,,,,
USC00514830,"KUALOA RANCH HEADQUARTERS 886.9, HI US",21.52037,-157.83885,14.6,3/27/20,,,,,
USC00514830,"KUALOA RANCH HEADQUARTERS 886.9, HI US",21.52037,-157.83885,14.6,3/28/20,,,,,
USC00514830,"KUALOA RANCH HEADQUARTERS 886.9, HI US",21.52037,-157.83885,14.6,3/29/20,,,,,
USC00514830,"KUALOA RANCH HEADQUARTERS 886.9, HI US",21.52037,-157.83885,14.6,3/30/20,,,,,
USC00514830,"KUALOA RANCH HEADQUARTERS 886.9, HI US",21.52037,-157.83885,14.6,3/31/20,,,,,
US1HIHN0022,"KAILUA 2.2 SSE, HI US",21.372696,-157.724981,38.4,3/1/20,,,,,
US1HIHN0022,"KAILUA 2.2 SSE, HI US",21.372696,-157.724981,38.4,3/2/20,,,,,
US1HIHN0022,"KAILUA 2.2 SSE, HI US",21.372696,-157.724981,38.4,3/3/20,,,,,
US1HIHN0022,"KAILUA 2.2 SSE, HI US",21.372696,-157.724981,38.4,3/4/20,,,,,
US1HIHN0022,"KAILUA 2.2 SSE, HI US",21.372696,-157.724981,38.4,3/5/20,,,,,
US1HIHN0022,"KAILUA 2.2 SSE, HI US",21.372696,-157.724981,38.4,3/6/20,,,,,
US1HIHN0022,"KAILUA 2.2 SSE, HI US",21.372696,-157.724981,38.4,3/7/20,,,,,
US1HIHN0022,"KAILUA 2.2 SSE, HI US",21.372696,-157.724981,38.4,3/8/20,,,,,
US1HIHN0022,"KAILUA 2.2 SSE, HI US",21.372696,-157.724981,38.4,3/9/20,,,,,
US1HIHN0022,"KAILUA 2.2 SSE, HI US",21.372696,-157.724981,38.4,3/10/20,,,,,
US1HIHN0022,"KAILUA 2.2 SSE, HI US",21.372696,-157.724981,38.4,3/11/20,,,,,
US1HIHN0022,"KAILUA 2.2 SSE, HI US",21.372696,-157.724981,38.4,3/12/20,,,,,
US1HIHN0022,"KAILUA 2.2 SSE, HI US",21.372696,-157.724981,38.4,3/13/20,,,,,
US1HIHN0022,"KAILUA 2.2 SSE, HI US",21.372696,-157.724981,38.4,3/14/20,,,,,
US1HIHN0022,"KAILUA 2.2 SSE, HI US",21.372696,-157.724981,38.4,3/15/20,,,,,
US1HIHN0022,"KAILUA 2.2 SSE, HI US",21.372696,-157.724981,38.4,3/16/20,,,,,
US1HIHN0022,"KAILUA 2.2 SSE, HI US",21.372696,-157.724981,38.4,3/17/20,,,,,
US1HIHN0022,"KAILUA 2.2 SSE, HI US",21.372696,-157.724981,38.4,3/18/20,,,,,
US1HIHN0022,"KAILUA 2.2 SSE, HI US",21.372696,-157.724981,38.4,3/19/20,,,,,
US1HIHN0022,"KAILUA 2.2 SSE, HI US",21.372696,-157.724981,38.4,3/20/20,,,,,
US1HIHN0022,"KAILUA 2.2 SSE, HI US",21.372696,-157.724981,38.4,3/21/20,,,,,
US1HIHN0022,"KAILUA 2.2 SSE, HI US",21.372696,-157.724981,38.4,3/22/20,,,,,
US1HIHN0022,"KAILUA 2.2 SSE, HI US",21.372696,-157.724981,38.4,3/23/20,,,,,
US1HIHN0022,"KAILUA 2.2 SSE, HI US",21.372696,-157.724981,38.4,3/24/20,,,,,
US1HIHN0022,"KAILUA 2.2 SSE, HI US",21.372696,-157.724981,38.4,3/25/20,,,,,
US1HIHN0022,"KAILUA 2.2 SSE, HI US",21.372696,-157.724981,38.4,3/26/20,,,,,
US1HIHN0022,"KAILUA 2.2 SSE, HI US",21.372696,-157.724981,38.4,3/27/20,,,,,
US1HIHN0022,"KAILUA 2.2 SSE, HI US",21.372696,-157.724981,38.4,3/28/20,,,,,
US1HIHN0022,"KAILUA 2.2 SSE, HI US",21.372696,-157.724981,38.4,3/29/20,,,,,
US1HIHN0022,"KAILUA 2.2 SSE, HI US",21.372696,-157.724981,38.4,3/30/20,,,,,
US1HIHN0022,"KAILUA 2.2 SSE, HI US",21.372696,-157.724981,38.4,3/31/20,,,,,
US1HIHN0023,"HONOLULU 2.0 SW, HI US",21.300423,-157.829327,11.9,3/1/20,,,,,
US1HIHN0023,"HONOLULU 2.0 SW, HI US",21.300423,-157.829327,11.9,3/2/20,,,,,
US1HIHN0023,"HONOLULU 2.0 SW, HI US",21.300423,-157.829327,11.9,3/3/20,,,,,
US1HIHN0023,"HONOLULU 2.0 SW, HI US",21.300423,-157.829327,11.9,3/4/20,,,,,
US1HIHN0023,"HONOLULU 2.0 SW, HI US",21.300423,-157.829327,11.9,3/5/20,,,,,
US1HIHN0023,"HONOLULU 2.0 SW, HI US",21.300423,-157.829327,11.9,3/6/20,,,,,
US1HIHN0023,"HONOLULU 2.0 SW, HI US",21.300423,-157.829327,11.9,3/7/20,,,,,
US1HIHN0023,"HONOLULU 2.0 SW, HI US",21.300423,-157.829327,11.9,3/8/20,,,,,
US1HIHN0023,"HONOLULU 2.0 SW, HI US",21.300423,-157.829327,11.9,3/9/20,,,,,
US1HIHN0023,"HONOLULU 2.0 SW, HI US",21.300423,-157.829327,11.9,3/10/20,,,,,
US1HIHN0023,"HONOLULU 2.0 SW, HI US",21.300423,-157.829327,11.9,3/11/20,,,,,
US1HIHN0023,"HONOLULU 2.0 SW, HI US",21.300423,-157.829327,11.9,3/12/20,,,,,
US1HIHN0023,"HONOLULU 2.0 SW, HI US",21.300423,-157.829327,11.9,3/13/20,,,,,
US1HIHN0023,"HONOLULU 2.0 SW, HI US",21.300423,-157.829327,11.9,3/14/20,,,,,
US1HIHN0023,"HONOLULU 2.0 SW, HI US",21.300423,-157.829327,11.9,3/15/20,,,,,
US1HIHN0023,"HONOLULU 2.0 SW, HI US",21.300423,-157.829327,11.9,3/16/20,,,,,
US1HIHN0023,"HONOLULU 2.0 SW, HI US",21.300423,-157.829327,11.9,3/17/20,,,,,
US1HIHN0023,"HONOLULU 2.0 SW, HI US",21.300423,-157.829327,11.9,3/18/20,,,,,
US1HIHN0023,"HONOLULU 2.0 SW, HI US",21.300423,-157.829327,11.9,3/19/20,,,,,
US1HIHN0023,"HONOLULU 2.0 SW, HI US",21.300423,-157.829327,11.9,3/20/20,,,,,
US1HIHN0023,"HONOLULU 2.0 SW, HI US",21.300423,-157.829327,11.9,3/21/20,,,,,
US1HIHN0023,"HONOLULU 2.0 SW, HI US",21.300423,-157.829327,11.9,3/22/20,,,,,
US1HIHN0023,"HONOLULU 2.0 SW, HI US",21.300423,-157.829327,11.9,3/23/20,,,,,
US1HIHN0023,"HONOLULU 2.0 SW, HI US",21.300423,-157.829327,11.9,3/24/20,,,,,
US1HIHN0023,"HONOLULU 2.0 SW, HI US",21.300423,-157.829327,11.9,3/25/20,,,,,
US1HIHN0023,"HONOLULU 2.0 SW, HI US",21.300423,-157.829327,11.9,3/26/20,,,,,
US1HIHN0023,"HONOLULU 2.0 SW, HI US",21.300423,-157.829327,11.9,3/27/20,,,,,
US1HIHN0023,"HONOLULU 2.0 SW, HI US",21.300423,-157.829327,11.9,3/28/20,,,,,
US1HIHN0023,"HONOLULU 2.0 SW, HI US",21.300423,-157.829327,11.9,3/29/20,,,,,
US1HIHN0023,"HONOLULU 2.0 SW, HI US",21.300423,-157.829327,11.9,3/30/20,,,,,
US1HIHN0023,"HONOLULU 2.0 SW, HI US",21.300423,-157.829327,11.9,3/31/20,,,,,
USC00515647,"LUALUALEI 804, HI US",21.4212,-158.1351,36,3/1/20,,,,,
USC00515647,"LUALUALEI 804, HI US",21.4212,-158.1351,36,3/2/20,,,,,
USC00515647,"LUALUALEI 804, HI US",21.4212,-158.1351,36,3/3/20,,,,,
USC00515647,"LUALUALEI 804, HI US",21.4212,-158.1351,36,3/4/20,,,,,
USC00515647,"LUALUALEI 804, HI US",21.4212,-158.1351,36,3/5/20,,,,,
USC00515647,"LUALUALEI 804, HI US",21.4212,-158.1351,36,3/6/20,,,,,
USC00515647,"LUALUALEI 804, HI US",21.4212,-158.1351,36,3/7/20,,,,,
USC00515647,"LUALUALEI 804, HI US",21.4212,-158.1351,36,3/8/20,,,,,
USC00515647,"LUALUALEI 804, HI US",21.4212,-158.1351,36,3/9/20,,,,,
USC00515647,"LUALUALEI 804, HI US",21.4212,-158.1351,36,3/10/20,,,,,
USC00515647,"LUALUALEI 804, HI US",21.4212,-158.1351,36,3/13/20,,,,,
USC00515647,"LUALUALEI 804, HI US",21.4212,-158.1351,36,3/14/20,,,,,
USC00515647,"LUALUALEI 804, HI US",21.4212,-158.1351,36,3/18/20,,,,,
USC00515647,"LUALUALEI 804, HI US",21.4212,-158.1351,36,3/19/20,,,,,
USC00515647,"LUALUALEI 804, HI US",21.4212,-158.1351,36,3/20/20,,,,,
USC00515647,"LUALUALEI 804, HI US",21.4212,-158.1351,36,3/21/20,,,,,
USC00515647,"LUALUALEI 804, HI US",21.4212,-158.1351,36,3/22/20,,,,,
USC00515647,"LUALUALEI 804, HI US",21.4212,-158.1351,36,3/23/20,,,,,
USC00515647,"LUALUALEI 804, HI US",21.4212,-158.1351,36,3/26/20,,,,,
USC00515647,"LUALUALEI 804, HI US",21.4212,-158.1351,36,3/27/20,,,,,
USC00515647,"LUALUALEI 804, HI US",21.4212,-158.1351,36,3/28/20,,,,,
USC00515647,"LUALUALEI 804, HI US",21.4212,-158.1351,36,3/29/20,,,,,
USC00515647,"LUALUALEI 804, HI US",21.4212,-158.1351,36,3/30/20,,,,,
USC00515647,"LUALUALEI 804, HI US",21.4212,-158.1351,36,3/31/20,,,,,
USC00511925,"HONOLULU FIRE STATION 703.1, HI US",21.3287,-157.9298,0.9,3/1/20,,,,,
USC00511925,"HONOLULU FIRE STATION 703.1, HI US",21.3287,-157.9298,0.9,3/2/20,,,,,
USC00511925,"HONOLULU FIRE STATION 703.1, HI US",21.3287,-157.9298,0.9,3/3/20,,,,,
USC00511925,"HONOLULU FIRE STATION 703.1, HI US",21.3287,-157.9298,0.9,3/4/20,,,,,
USC00511925,"HONOLULU FIRE STATION 703.1, HI US",21.3287,-157.9298,0.9,3/5/20,,,,,
USC00511925,"HONOLULU FIRE STATION 703.1, HI US",21.3287,-157.9298,0.9,3/6/20,,,,,
USC00511925,"HONOLULU FIRE STATION 703.1, HI US",21.3287,-157.9298,0.9,3/7/20,,,,,
USC00511925,"HONOLULU FIRE STATION 703.1, HI US",21.3287,-157.9298,0.9,3/8/20,,,,,
USC00511925,"HONOLULU FIRE STATION 703.1, HI US",21.3287,-157.9298,0.9,3/9/20,,,,,
USC00511925,"HONOLULU FIRE STATION 703.1, HI US",21.3287,-157.9298,0.9,3/10/20,,,,,
USC00511925,"HONOLULU FIRE STATION 703.1, HI US",21.3287,-157.9298,0.9,3/11/20,,,,,
USC00511925,"HONOLULU FIRE STATION 703.1, HI US",21.3287,-157.9298,0.9,3/12/20,,,,,
USC00511925,"HONOLULU FIRE STATION 703.1, HI US",21.3287,-157.9298,0.9,3/13/20,,,,,
USC00511925,"HONOLULU FIRE STATION 703.1, HI US",21.3287,-157.9298,0.9,3/14/20,,,,,
USC00511925,"HONOLULU FIRE STATION 703.1, HI US",21.3287,-157.9298,0.9,3/15/20,,,,,
USC00511925,"HONOLULU FIRE STATION 703.1, HI US",21.3287,-157.9298,0.9,3/16/20,,,,,
USC00511925,"HONOLULU FIRE STATION 703.1, HI US",21.3287,-157.9298,0.9,3/17/20,,,,,
USC00511925,"HONOLULU FIRE STATION 703.1, HI US",21.3287,-157.9298,0.9,3/18/20,,,,,
USC00511925,"HONOLULU FIRE STATION 703.1, HI US",21.3287,-157.9298,0.9,3/19/20,,,,,
USC00511925,"HONOLULU FIRE STATION 703.1, HI US",21.3287,-157.9298,0.9,3/20/20,,,,,
USC00511925,"HONOLULU FIRE STATION 703.1, HI US",21.3287,-157.9298,0.9,3/21/20,,,,,
USC00511925,"HONOLULU FIRE STATION 703.1, HI US",21.3287,-157.9298,0.9,3/22/20,,,,,
USC00511925,"HONOLULU FIRE STATION 703.1, HI US",21.3287,-157.9298,0.9,3/23/20,,,,,
USC00511925,"HONOLULU FIRE STATION 703.1, HI US",21.3287,-157.9298,0.9,3/24/20,,,,,
USC00511925,"HONOLULU FIRE STATION 703.1, HI US",21.3287,-157.9298,0.9,3/25/20,,,,,
USC00511925,"HONOLULU FIRE STATION 703.1, HI US",21.3287,-157.9298,0.9,3/26/20,,,,,
USC00511925,"HONOLULU FIRE STATION 703.1, HI US",21.3287,-157.9298,0.9,3/27/20,,,,,
USC00511925,"HONOLULU FIRE STATION 703.1, HI US",21.3287,-157.9298,0.9,3/28/20,,,,,
USC00511925,"HONOLULU FIRE STATION 703.1, HI US",21.3287,-157.9298,0.9,3/29/20,,,,,
USC00511925,"HONOLULU FIRE STATION 703.1, HI US",21.3287,-157.9298,0.9,3/30/20,,,,,
US1HIHN0027,"KANEOHE 0.8 SW, HI US",21.403889,-157.801667,20.7,3/1/20,,,,,
US1HIHN0027,"KANEOHE 0.8 SW, HI US",21.403889,-157.801667,20.7,3/2/20,,,,,
US1HIHN0027,"KANEOHE 0.8 SW, HI US",21.403889,-157.801667,20.7,3/3/20,,,,,
US1HIHN0027,"KANEOHE 0.8 SW, HI US",21.403889,-157.801667,20.7,3/4/20,,,,,
US1HIHN0027,"KANEOHE 0.8 SW, HI US",21.403889,-157.801667,20.7,3/5/20,,,,,
US1HIHN0027,"KANEOHE 0.8 SW, HI US",21.403889,-157.801667,20.7,3/6/20,,,,,
US1HIHN0027,"KANEOHE 0.8 SW, HI US",21.403889,-157.801667,20.7,3/7/20,,,,,
US1HIHN0027,"KANEOHE 0.8 SW, HI US",21.403889,-157.801667,20.7,3/8/20,,,,,
US1HIHN0027,"KANEOHE 0.8 SW, HI US",21.403889,-157.801667,20.7,3/9/20,,,,,
US1HIHN0027,"KANEOHE 0.8 SW, HI US",21.403889,-157.801667,20.7,3/10/20,,,,,
US1HIHN0027,"KANEOHE 0.8 SW, HI US",21.403889,-157.801667,20.7,3/11/20,,,,,
US1HIHN0027,"KANEOHE 0.8 SW, HI US",21.403889,-157.801667,20.7,3/12/20,,,,,
US1HIHN0027,"KANEOHE 0.8 SW, HI US",21.403889,-157.801667,20.7,3/13/20,,,,,
US1HIHN0027,"KANEOHE 0.8 SW, HI US",21.403889,-157.801667,20.7,3/14/20,,,,,
US1HIHN0027,"KANEOHE 0.8 SW, HI US",21.403889,-157.801667,20.7,3/16/20,,,,,
US1HIHN0027,"KANEOHE 0.8 SW, HI US",21.403889,-157.801667,20.7,3/17/20,,,,,
US1HIHN0027,"KANEOHE 0.8 SW, HI US",21.403889,-157.801667,20.7,3/18/20,,,,,
US1HIHN0027,"KANEOHE 0.8 SW, HI US",21.403889,-157.801667,20.7,3/19/20,,,,,
US1HIHN0027,"KANEOHE 0.8 SW, HI US",21.403889,-157.801667,20.7,3/20/20,,,,,
US1HIHN0027,"KANEOHE 0.8 SW, HI US",21.403889,-157.801667,20.7,3/21/20,,,,,
US1HIHN0027,"KANEOHE 0.8 SW, HI US",21.403889,-157.801667,20.7,3/22/20,,,,,
US1HIHN0027,"KANEOHE 0.8 SW, HI US",21.403889,-157.801667,20.7,3/23/20,,,,,
US1HIHN0027,"KANEOHE 0.8 SW, HI US",21.403889,-157.801667,20.7,3/24/20,,,,,
US1HIHN0027,"KANEOHE 0.8 SW, HI US",21.403889,-157.801667,20.7,3/25/20,,,,,
US1HIHN0027,"KANEOHE 0.8 SW, HI US",21.403889,-157.801667,20.7,3/26/20,,,,,
US1HIHN0027,"KANEOHE 0.8 SW, HI US",21.403889,-157.801667,20.7,3/27/20,,,,,
US1HIHN0027,"KANEOHE 0.8 SW, HI US",21.403889,-157.801667,20.7,3/28/20,,,,,
US1HIHN0027,"KANEOHE 0.8 SW, HI US",21.403889,-157.801667,20.7,3/29/20,,,,,
US1HIHN0027,"KANEOHE 0.8 SW, HI US",21.403889,-157.801667,20.7,3/30/20,,,,,
US1HIHN0027,"KANEOHE 0.8 SW, HI US",21.403889,-157.801667,20.7,3/31/20,,,,,
USC00516938,"NUUANU UPPER 782.3, HI US",21.34972,-157.82278,249.9,3/11/20,,,,,
USC00516938,"NUUANU UPPER 782.3, HI US",21.34972,-157.82278,249.9,3/12/20,,,,,
USC00516938,"NUUANU UPPER 782.3, HI US",21.34972,-157.82278,249.9,3/13/20,,,,,
USC00516938,"NUUANU UPPER 782.3, HI US",21.34972,-157.82278,249.9,3/18/20,,,,,
USC00516938,"NUUANU UPPER 782.3, HI US",21.34972,-157.82278,249.9,3/19/20,,,,,
USC00517662,"PALOLO FIRE STATION, HI US",21.2996,-157.7944,76.2,3/3/20,,,,,
USC00517662,"PALOLO FIRE STATION, HI US",21.2996,-157.7944,76.2,3/4/20,,,,,
USC00517662,"PALOLO FIRE STATION, HI US",21.2996,-157.7944,76.2,3/7/20,,,,,
USC00517662,"PALOLO FIRE STATION, HI US",21.2996,-157.7944,76.2,3/10/20,,,,,
USC00517662,"PALOLO FIRE STATION, HI US",21.2996,-157.7944,76.2,3/11/20,,,,,
USC00517662,"PALOLO FIRE STATION, HI US",21.2996,-157.7944,76.2,3/12/20,,,,,
USC00517662,"PALOLO FIRE STATION, HI US",21.2996,-157.7944,76.2,3/13/20,,,,,
USC00517662,"PALOLO FIRE STATION, HI US",21.2996,-157.7944,76.2,3/14/20,,,,,
USC00517662,"PALOLO FIRE STATION, HI US",21.2996,-157.7944,76.2,3/18/20,,,,,
USC00517662,"PALOLO FIRE STATION, HI US",21.2996,-157.7944,76.2,3/19/20,,,,,
USC00517662,"PALOLO FIRE STATION, HI US",21.2996,-157.7944,76.2,3/20/20,,,,,
USC00517662,"PALOLO FIRE STATION, HI US",21.2996,-157.7944,76.2,3/21/20,,,,,
USC00518314,"PUNALUU PUMP 905.2, HI US",21.58444,-157.89139,4,3/3/20,,,,,
USC00518314,"PUNALUU PUMP 905.2, HI US",21.58444,-157.89139,4,3/4/20,,,,,
USC00518314,"PUNALUU PUMP 905.2, HI US",21.58444,-157.89139,4,3/8/20,,,,,
USC00518314,"PUNALUU PUMP 905.2, HI US",21.58444,-157.89139,4,3/9/20,,,,,
USC00518314,"PUNALUU PUMP 905.2, HI US",21.58444,-157.89139,4,3/10/20,,,,,
USC00518314,"PUNALUU PUMP 905.2, HI US",21.58444,-157.89139,4,3/11/20,,,,,
USC00518314,"PUNALUU PUMP 905.2, HI US",21.58444,-157.89139,4,3/12/20,,,,,
USC00518314,"PUNALUU PUMP 905.2, HI US",21.58444,-157.89139,4,3/18/20,,,,,
USC00518314,"PUNALUU PUMP 905.2, HI US",21.58444,-157.89139,4,3/19/20,,,,,
USC00518314,"PUNALUU PUMP 905.2, HI US",21.58444,-157.89139,4,3/20/20,,,,,
USC00518314,"PUNALUU PUMP 905.2, HI US",21.58444,-157.89139,4,3/21/20,,,,,
USC00518314,"PUNALUU PUMP 905.2, HI US",21.58444,-157.89139,4,3/28/20,,,,,
USC00518314,"PUNALUU PUMP 905.2, HI US",21.58444,-157.89139,4,3/30/20,,,,,
USC00519603,"WAIMEA ARBORETUM 892, HI US",21.6369,-158.0536,12.5,3/1/20,,,,,
USC00519603,"WAIMEA ARBORETUM 892, HI US",21.6369,-158.0536,12.5,3/2/20,,,,,
USC00519603,"WAIMEA ARBORETUM 892, HI US",21.6369,-158.0536,12.5,3/3/20,,,,,
USC00519603,"WAIMEA ARBORETUM 892, HI US",21.6369,-158.0536,12.5,3/4/20,,,,,
USC00519603,"WAIMEA ARBORETUM 892, HI US",21.6369,-158.0536,12.5,3/5/20,,,,,
USC00519603,"WAIMEA ARBORETUM 892, HI US",21.6369,-158.0536,12.5,3/6/20,,,,,
USC00519603,"WAIMEA ARBORETUM 892, HI US",21.6369,-158.0536,12.5,3/7/20,,,,,
USC00519603,"WAIMEA ARBORETUM 892, HI US",21.6369,-158.0536,12.5,3/8/20,,,,,
USC00519603,"WAIMEA ARBORETUM 892, HI US",21.6369,-158.0536,12.5,3/9/20,,,,,
USC00519603,"WAIMEA ARBORETUM 892, HI US",21.6369,-158.0536,12.5,3/10/20,,,,,
USC00519603,"WAIMEA ARBORETUM 892, HI US",21.6369,-158.0536,12.5,3/11/20,,,,,
USC00519603,"WAIMEA ARBORETUM 892, HI US",21.6369,-158.0536,12.5,3/12/20,,,,,
USC00519603,"WAIMEA ARBORETUM 892, HI US",21.6369,-158.0536,12.5,3/13/20,,,,,
USC00519603,"WAIMEA ARBORETUM 892, HI US",21.6369,-158.0536,12.5,3/14/20,,,,,
USC00519603,"WAIMEA ARBORETUM 892, HI US",21.6369,-158.0536,12.5,3/15/20,,,,,
USC00519603,"WAIMEA ARBORETUM 892, HI US",21.6369,-158.0536,12.5,3/16/20,,,,,
USC00519603,"WAIMEA ARBORETUM 892, HI US",21.6369,-158.0536,12.5,3/17/20,,,,,
USC00519603,"WAIMEA ARBORETUM 892, HI US",21.6369,-158.0536,12.5,3/18/20,,,,,
USC00519603,"WAIMEA ARBORETUM 892, HI US",21.6369,-158.0536,12.5,3/19/20,,,,,
USC00519603,"WAIMEA ARBORETUM 892, HI US",21.6369,-158.0536,12.5,3/20/20,,,,,
USC00519603,"WAIMEA ARBORETUM 892, HI US",21.6369,-158.0536,12.5,3/21/20,,,,,
USC00519603,"WAIMEA ARBORETUM 892, HI US",21.6369,-158.0536,12.5,3/22/20,,,,,
USC00519603,"WAIMEA ARBORETUM 892, HI US",21.6369,-158.0536,12.5,3/23/20,,,,,
USC00519603,"WAIMEA ARBORETUM 892, HI US",21.6369,-158.0536,12.5,3/24/20,,,,,
USC00519603,"WAIMEA ARBORETUM 892, HI US",21.6369,-158.0536,12.5,3/25/20,,,,,
USC00519603,"WAIMEA ARBORETUM 892, HI US",21.6369,-158.0536,12.5,3/26/20,,,,,
USC00519603,"WAIMEA ARBORETUM 892, HI US",21.6369,-158.0536,12.5,3/27/20,,,,,
USC00519603,"WAIMEA ARBORETUM 892, HI US",21.6369,-158.0536,12.5,3/28/20,,,,,
USC00519603,"WAIMEA ARBORETUM 892, HI US",21.6369,-158.0536,12.5,3/29/20,,,,,
USC00519603,"WAIMEA ARBORETUM 892, HI US",21.6369,-158.0536,12.5,3/30/20,,,,,
USC00519603,"WAIMEA ARBORETUM 892, HI US",21.6369,-158.0536,12.5,3/31/20,,,,,
USC00519523,"WAIMANALO EXPERIMENTAL FARM, HI US",21.33556,-157.71139,19.5,3/1/20,,,,,
USC00519523,"WAIMANALO EXPERIMENTAL FARM, HI US",21.33556,-157.71139,19.5,3/2/20,,,,,
USC00519523,"WAIMANALO EXPERIMENTAL FARM, HI US",21.33556,-157.71139,19.5,3/3/20,,,,,
USC00519523,"WAIMANALO EXPERIMENTAL FARM, HI US",21.33556,-157.71139,19.5,3/4/20,,,,,
USC00519523,"WAIMANALO EXPERIMENTAL FARM, HI US",21.33556,-157.71139,19.5,3/5/20,,,,,
USC00519523,"WAIMANALO EXPERIMENTAL FARM, HI US",21.33556,-157.71139,19.5,3/6/20,,,,,
USC00519523,"WAIMANALO EXPERIMENTAL FARM, HI US",21.33556,-157.71139,19.5,3/7/20,,,,,
USC00519523,"WAIMANALO EXPERIMENTAL FARM, HI US",21.33556,-157.71139,19.5,3/8/20,,,,,
USC00519523,"WAIMANALO EXPERIMENTAL FARM, HI US",21.33556,-157.71139,19.5,3/9/20,,,,,
USC00519523,"WAIMANALO EXPERIMENTAL FARM, HI US",21.33556,-157.71139,19.5,3/10/20,,,,,
USC00519523,"WAIMANALO EXPERIMENTAL FARM, HI US",21.33556,-157.71139,19.5,3/11/20,,,,,
USC00519523,"WAIMANALO EXPERIMENTAL FARM, HI US",21.33556,-157.71139,19.5,3/12/20,,,,,
USC00519523,"WAIMANALO EXPERIMENTAL FARM, HI US",21.33556,-157.71139,19.5,3/13/20,,,,,
USC00519523,"WAIMANALO EXPERIMENTAL FARM, HI US",21.33556,-157.71139,19.5,3/14/20,,,,,
USC00519523,"WAIMANALO EXPERIMENTAL FARM, HI US",21.33556,-157.71139,19.5,3/15/20,,,,,
USC00519523,"WAIMANALO EXPERIMENTAL FARM, HI US",21.33556,-157.71139,19.5,3/16/20,,,,,
USC00519523,"WAIMANALO EXPERIMENTAL FARM, HI US",21.33556,-157.71139,19.5,3/17/20,,,,,
USC00519523,"WAIMANALO EXPERIMENTAL FARM, HI US",21.33556,-157.71139,19.5,3/18/20,,,,,
USC00519523,"WAIMANALO EXPERIMENTAL FARM, HI US",21.33556,-157.71139,19.5,3/19/20,,,,,
USC00519523,"WAIMANALO EXPERIMENTAL FARM, HI US",21.33556,-157.71139,19.5,3/20/20,,,,,
USC00519523,"WAIMANALO EXPERIMENTAL FARM, HI US",21.33556,-157.71139,19.5,3/21/20,,,,,
USC00519523,"WAIMANALO EXPERIMENTAL FARM, HI US",21.33556,-157.71139,19.5,3/22/20,,,,,
USC00519523,"WAIMANALO EXPERIMENTAL FARM, HI US",21.33556,-157.71139,19.5,3/23/20,,,,,
USC00519523,"WAIMANALO EXPERIMENTAL FARM, HI US",21.33556,-157.71139,19.5,3/24/20,,,,,
USC00519523,"WAIMANALO EXPERIMENTAL FARM, HI US",21.33556,-157.71139,19.5,3/25/20,,,,,
USC00519523,"WAIMANALO EXPERIMENTAL FARM, HI US",21.33556,-157.71139,19.5,3/26/20,,,,,
USC00519523,"WAIMANALO EXPERIMENTAL FARM, HI US",21.33556,-157.71139,19.5,3/27/20,,,,,
USC00519523,"WAIMANALO EXPERIMENTAL FARM, HI US",21.33556,-157.71139,19.5,3/28/20,,,,,
USC00519523,"WAIMANALO EXPERIMENTAL FARM, HI US",21.33556,-157.71139,19.5,3/29/20,,,,,
USC00519523,"WAIMANALO EXPERIMENTAL FARM, HI US",21.33556,-157.71139,19.5,3/30/20,,,,,
USC00519523,"WAIMANALO EXPERIMENTAL FARM, HI US",21.33556,-157.71139,19.5,3/31/20,,,,,
USC00510350,"COCONUT ISLAND 840.1, HI US",21.4336,-157.7868,0.9,3/4/20,,,,,
USC00519281,"WAIHEE 837.5, HI US",21.45167,-157.84889,32.9,3/6/20,,,,,
USC00519281,"WAIHEE 837.5, HI US",21.45167,-157.84889,32.9,3/7/20,,,,,
USC00519281,"WAIHEE 837.5, HI US",21.45167,-157.84889,32.9,3/8/20,,,,,
USC00519281,"WAIHEE 837.5, HI US",21.45167,-157.84889,32.9,3/13/20,,,,,
USC00519281,"WAIHEE 837.5, HI US",21.45167,-157.84889,32.9,3/14/20,,,,,
USC00519281,"WAIHEE 837.5, HI US",21.45167,-157.84889,32.9,3/15/20,,,,,
USC00519281,"WAIHEE 837.5, HI US",21.45167,-157.84889,32.9,3/20/20,,,,,
USC00519281,"WAIHEE 837.5, HI US",21.45167,-157.84889,32.9,3/21/20,,,,,
USC00519281,"WAIHEE 837.5, HI US",21.45167,-157.84889,32.9,3/22/20,,,,,
USC00519281,"WAIHEE 837.5, HI US",21.45167,-157.84889,32.9,3/27/20,,,,,
USC00519281,"WAIHEE 837.5, HI US",21.45167,-157.84889,32.9,3/28/20,,,,,
USC00519281,"WAIHEE 837.5, HI US",21.45167,-157.84889,32.9,3/29/20,,,,,
USC00519281,"WAIHEE 837.5, HI US",21.45167,-157.84889,32.9,3/30/20,,,,,
USC00519281,"WAIHEE 837.5, HI US",21.45167,-157.84889,32.9,3/31/20,,,,,
USC00519286,"WAIHEE PUMP 839.8, HI US",21.4465,-157.8584,64.3,3/3/20,,,,,
USC00519286,"WAIHEE PUMP 839.8, HI US",21.4465,-157.8584,64.3,3/4/20,,,,,
USC00519286,"WAIHEE PUMP 839.8, HI US",21.4465,-157.8584,64.3,3/7/20,,,,,
USC00519286,"WAIHEE PUMP 839.8, HI US",21.4465,-157.8584,64.3,3/10/20,,,,,
USC00519286,"WAIHEE PUMP 839.8, HI US",21.4465,-157.8584,64.3,3/11/20,,,,,
USC00519286,"WAIHEE PUMP 839.8, HI US",21.4465,-157.8584,64.3,3/12/20,,,,,
USC00519286,"WAIHEE PUMP 839.8, HI US",21.4465,-157.8584,64.3,3/13/20,,,,,
USC00519286,"WAIHEE PUMP 839.8, HI US",21.4465,-157.8584,64.3,3/19/20,,,,,
USC00519286,"WAIHEE PUMP 839.8, HI US",21.4465,-157.8584,64.3,3/20/20,,,,,
USC00519286,"WAIHEE PUMP 839.8, HI US",21.4465,-157.8584,64.3,3/21/20,,,,,
USC00519286,"WAIHEE PUMP 839.8, HI US",21.4465,-157.8584,64.3,3/24/20,,,,,
USR0000HKAH,"KAHUKU TRAINING AREA HAWAII, HI US",21.6792,-157.9894,181.7,3/1/20,70,,,,
USR0000HKAH,"KAHUKU TRAINING AREA HAWAII, HI US",21.6792,-157.9894,181.7,3/2/20,69,,,,
USR0000HKAH,"KAHUKU TRAINING AREA HAWAII, HI US",21.6792,-157.9894,181.7,3/3/20,72,,,,
USR0000HKAH,"KAHUKU TRAINING AREA HAWAII, HI US",21.6792,-157.9894,181.7,3/4/20,72,,,,
USR0000HKAH,"KAHUKU TRAINING AREA HAWAII, HI US",21.6792,-157.9894,181.7,3/5/20,69,,,,
USR0000HKAH,"KAHUKU TRAINING AREA HAWAII, HI US",21.6792,-157.9894,181.7,3/6/20,70,,,,
USR0000HKAH,"KAHUKU TRAINING AREA HAWAII, HI US",21.6792,-157.9894,181.7,3/7/20,71,,,,
USR0000HKAH,"KAHUKU TRAINING AREA HAWAII, HI US",21.6792,-157.9894,181.7,3/8/20,70,,,,
USR0000HKAH,"KAHUKU TRAINING AREA HAWAII, HI US",21.6792,-157.9894,181.7,3/9/20,67,,,,
USR0000HKAH,"KAHUKU TRAINING AREA HAWAII, HI US",21.6792,-157.9894,181.7,3/10/20,70,,,,
USR0000HKAH,"KAHUKU TRAINING AREA HAWAII, HI US",21.6792,-157.9894,181.7,3/11/20,72,,,,
USR0000HKAH,"KAHUKU TRAINING AREA HAWAII, HI US",21.6792,-157.9894,181.7,3/12/20,68,,,,
USR0000HKAH,"KAHUKU TRAINING AREA HAWAII, HI US",21.6792,-157.9894,181.7,3/13/20,68,,,,
USR0000HKAH,"KAHUKU TRAINING AREA HAWAII, HI US",21.6792,-157.9894,181.7,3/14/20,69,,,,
USR0000HKAH,"KAHUKU TRAINING AREA HAWAII, HI US",21.6792,-157.9894,181.7,3/15/20,70,,,,
USR0000HKAH,"KAHUKU TRAINING AREA HAWAII, HI US",21.6792,-157.9894,181.7,3/16/20,70,,,,
USR0000HKAH,"KAHUKU TRAINING AREA HAWAII, HI US",21.6792,-157.9894,181.7,3/17/20,69,,,,
USR0000HKAH,"KAHUKU TRAINING AREA HAWAII, HI US",21.6792,-157.9894,181.7,3/18/20,70,,,,
USR0000HKAH,"KAHUKU TRAINING AREA HAWAII, HI US",21.6792,-157.9894,181.7,3/19/20,70,,,,
USR0000HKAH,"KAHUKU TRAINING AREA HAWAII, HI US",21.6792,-157.9894,181.7,3/20/20,73,,,,
USR0000HKAH,"KAHUKU TRAINING AREA HAWAII, HI US",21.6792,-157.9894,181.7,3/21/20,72,,,,
USR0000HKAH,"KAHUKU TRAINING AREA HAWAII, HI US",21.6792,-157.9894,181.7,3/22/20,71,,,,
USR0000HKAH,"KAHUKU TRAINING AREA HAWAII, HI US",21.6792,-157.9894,181.7,3/23/20,71,,,,
USR0000HKAH,"KAHUKU TRAINING AREA HAWAII, HI US",21.6792,-157.9894,181.7,3/24/20,69,,,,
USR0000HKAH,"KAHUKU TRAINING AREA HAWAII, HI US",21.6792,-157.9894,181.7,3/25/20,70,,,,
USR0000HKAH,"KAHUKU TRAINING AREA HAWAII, HI US",21.6792,-157.9894,181.7,3/26/20,70,,,,
USR0000HKAH,"KAHUKU TRAINING AREA HAWAII, HI US",21.6792,-157.9894,181.7,3/27/20,68,,,,
USR0000HKAH,"KAHUKU TRAINING AREA HAWAII, HI US",21.6792,-157.9894,181.7,3/28/20,71,,,,
USR0000HKAH,"KAHUKU TRAINING AREA HAWAII, HI US",21.6792,-157.9894,181.7,3/29/20,71,,,,
USR0000HKAH,"KAHUKU TRAINING AREA HAWAII, HI US",21.6792,-157.9894,181.7,3/30/20,72,,,,
USR0000HKAH,"KAHUKU TRAINING AREA HAWAII, HI US",21.6792,-157.9894,181.7,3/31/20,71,,,,
USC00514500,"KII KAHUKU 911, HI US",21.6793,-157.9453,7.6,3/4/20,,,,,
USC00514500,"KII KAHUKU 911, HI US",21.6793,-157.9453,7.6,3/5/20,,,,,
USC00514500,"KII KAHUKU 911, HI US",21.6793,-157.9453,7.6,3/6/20,,,,,
USC00514500,"KII KAHUKU 911, HI US",21.6793,-157.9453,7.6,3/7/20,,,,,
USC00514500,"KII KAHUKU 911, HI US",21.6793,-157.9453,7.6,3/10/20,,,,,
USC00514500,"KII KAHUKU 911, HI US",21.6793,-157.9453,7.6,3/11/20,,,,,
USC00514500,"KII KAHUKU 911, HI US",21.6793,-157.9453,7.6,3/12/20,,,,,
USC00514500,"KII KAHUKU 911, HI US",21.6793,-157.9453,7.6,3/13/20,,,,,
USC00514500,"KII KAHUKU 911, HI US",21.6793,-157.9453,7.6,3/14/20,,,,,
USC00514500,"KII KAHUKU 911, HI US",21.6793,-157.9453,7.6,3/18/20,,,,,
USC00514500,"KII KAHUKU 911, HI US",21.6793,-157.9453,7.6,3/19/20,,,,,
USC00514500,"KII KAHUKU 911, HI US",21.6793,-157.9453,7.6,3/20/20,,,,,
USC00514500,"KII KAHUKU 911, HI US",21.6793,-157.9453,7.6,3/21/20,,,,,
USC00514500,"KII KAHUKU 911, HI US",21.6793,-157.9453,7.6,3/25/20,,,,,
USC00514500,"KII KAHUKU 911, HI US",21.6793,-157.9453,7.6,3/26/20,,,,,
USC00514500,"KII KAHUKU 911, HI US",21.6793,-157.9453,7.6,3/27/20,,,,,
USC00511918,"HONOLULU OBSERVATORY 702.2, HI US",21.3152,-157.9992,0.9,3/1/20,,,,,
USC00511918,"HONOLULU OBSERVATORY 702.2, HI US",21.3152,-157.9992,0.9,3/2/20,,,,,
USC00511918,"HONOLULU OBSERVATORY 702.2, HI US",21.3152,-157.9992,0.9,3/3/20,,,,,
USC00511918,"HONOLULU OBSERVATORY 702.2, HI US",21.3152,-157.9992,0.9,3/4/20,,,,,
USC00511918,"HONOLULU OBSERVATORY 702.2, HI US",21.3152,-157.9992,0.9,3/7/20,,,,,
USC00511918,"HONOLULU OBSERVATORY 702.2, HI US",21.3152,-157.9992,0.9,3/8/20,,,,,
USC00511918,"HONOLULU OBSERVATORY 702.2, HI US",21.3152,-157.9992,0.9,3/9/20,,,,,
USC00511918,"HONOLULU OBSERVATORY 702.2, HI US",21.3152,-157.9992,0.9,3/10/20,,,,,
USC00511918,"HONOLULU OBSERVATORY 702.2, HI US",21.3152,-157.9992,0.9,3/13/20,,,,,
USC00511918,"HONOLULU OBSERVATORY 702.2, HI US",21.3152,-157.9992,0.9,3/14/20,,,,,
USC00511918,"HONOLULU OBSERVATORY 702.2, HI US",21.3152,-157.9992,0.9,3/18/20,,,,,
USC00511918,"HONOLULU OBSERVATORY 702.2, HI US",21.3152,-157.9992,0.9,3/19/20,,,,,
USC00511918,"HONOLULU OBSERVATORY 702.2, HI US",21.3152,-157.9992,0.9,3/20/20,,,,,
USC00511918,"HONOLULU OBSERVATORY 702.2, HI US",21.3152,-157.9992,0.9,3/21/20,,,,,
USC00511918,"HONOLULU OBSERVATORY 702.2, HI US",21.3152,-157.9992,0.9,3/22/20,,,,,
USC00511918,"HONOLULU OBSERVATORY 702.2, HI US",21.3152,-157.9992,0.9,3/23/20,,,,,
USC00511918,"HONOLULU OBSERVATORY 702.2, HI US",21.3152,-157.9992,0.9,3/24/20,,,,,
USC00511918,"HONOLULU OBSERVATORY 702.2, HI US",21.3152,-157.9992,0.9,3/25/20,,,,,
USC00511918,"HONOLULU OBSERVATORY 702.2, HI US",21.3152,-157.9992,0.9,3/28/20,,,,,
USC00511918,"HONOLULU OBSERVATORY 702.2, HI US",21.3152,-157.9992,0.9,3/30/20,,,,,
USC00511918,"HONOLULU OBSERVATORY 702.2, HI US",21.3152,-157.9992,0.9,3/31/20,,,,,
USC00516128,"MANOA LYON ARBO 785.2, HI US",21.3331,-157.8025,152.4,3/1/20,,,,,
USC00516128,"MANOA LYON ARBO 785.2, HI US",21.3331,-157.8025,152.4,3/2/20,,,,,
USC00516128,"MANOA LYON ARBO 785.2, HI US",21.3331,-157.8025,152.4,3/3/20,,,,,
USC00516128,"MANOA LYON ARBO 785.2, HI US",21.3331,-157.8025,152.4,3/4/20,,,,,
USC00516128,"MANOA LYON ARBO 785.2, HI US",21.3331,-157.8025,152.4,3/5/20,,,,,
USC00516128,"MANOA LYON ARBO 785.2, HI US",21.3331,-157.8025,152.4,3/6/20,,,,,
USC00516128,"MANOA LYON ARBO 785.2, HI US",21.3331,-157.8025,152.4,3/7/20,,,,,
USC00516128,"MANOA LYON ARBO 785.2, HI US",21.3331,-157.8025,152.4,3/8/20,,,,,
USC00516128,"MANOA LYON ARBO 785.2, HI US",21.3331,-157.8025,152.4,3/9/20,,,,,
USC00516128,"MANOA LYON ARBO 785.2, HI US",21.3331,-157.8025,152.4,3/10/20,,,,,
USC00516128,"MANOA LYON ARBO 785.2, HI US",21.3331,-157.8025,152.4,3/11/20,,,,,
USC00516128,"MANOA LYON ARBO 785.2, HI US",21.3331,-157.8025,152.4,3/12/20,,,,,
USC00516128,"MANOA LYON ARBO 785.2, HI US",21.3331,-157.8025,152.4,3/13/20,,,,,
USC00516128,"MANOA LYON ARBO 785.2, HI US",21.3331,-157.8025,152.4,3/14/20,,,,,
USC00516128,"MANOA LYON ARBO 785.2, HI US",21.3331,-157.8025,152.4,3/15/20,,,,,
USC00516128,"MANOA LYON ARBO 785.2, HI US",21.3331,-157.8025,152.4,3/16/20,,,,,
USC00516128,"MANOA LYON ARBO 785.2, HI US",21.3331,-157.8025,152.4,3/17/20,,,,,
USC00516128,"MANOA LYON ARBO 785.2, HI US",21.3331,-157.8025,152.4,3/18/20,,,,,
USC00516128,"MANOA LYON ARBO 785.2, HI US",21.3331,-157.8025,152.4,3/19/20,,,,,
USC00516128,"MANOA LYON ARBO 785.2, HI US",21.3331,-157.8025,152.4,3/20/20,,,,,
USC00516128,"MANOA LYON ARBO 785.2, HI US",21.3331,-157.8025,152.4,3/21/20,,,,,
USC00516128,"MANOA LYON ARBO 785.2, HI US",21.3331,-157.8025,152.4,3/22/20,,,,,
USC00516128,"MANOA LYON ARBO 785.2, HI US",21.3331,-157.8025,152.4,3/23/20,,,,,
USC00516128,"MANOA LYON ARBO 785.2, HI US",21.3331,-157.8025,152.4,3/24/20,,,,,
USC00516128,"MANOA LYON ARBO 785.2, HI US",21.3331,-157.8025,152.4,3/25/20,,,,,
USC00516128,"MANOA LYON ARBO 785.2, HI US",21.3331,-157.8025,152.4,3/26/20,,,,,
USC00516128,"MANOA LYON ARBO 785.2, HI US",21.3331,-157.8025,152.4,3/27/20,,,,,
USC00516128,"MANOA LYON ARBO 785.2, HI US",21.3331,-157.8025,152.4,3/28/20,,,,,
USC00516128,"MANOA LYON ARBO 785.2, HI US",21.3331,-157.8025,152.4,3/29/20,,,,,
USC00516128,"MANOA LYON ARBO 785.2, HI US",21.3331,-157.8025,152.4,3/30/20,,,,,
USC00516128,"MANOA LYON ARBO 785.2, HI US",21.3331,-157.8025,152.4,3/31/20,,,,,
USR0000HKII,"KII HAWAII, HI US",21.6883,-157.9525,1.5,3/1/20,73,,,,
USR0000HKII,"KII HAWAII, HI US",21.6883,-157.9525,1.5,3/2/20,72,,,,
USR0000HKII,"KII HAWAII, HI US",21.6883,-157.9525,1.5,3/3/20,73,,,,
USR0000HKII,"KII HAWAII, HI US",21.6883,-157.9525,1.5,3/4/20,74,,,,
USR0000HKII,"KII HAWAII, HI US",21.6883,-157.9525,1.5,3/5/20,72,,,,
USR0000HKII,"KII HAWAII, HI US",21.6883,-157.9525,1.5,3/6/20,73,,,,
USR0000HKII,"KII HAWAII, HI US",21.6883,-157.9525,1.5,3/7/20,73,,,,
USR0000HKII,"KII HAWAII, HI US",21.6883,-157.9525,1.5,3/8/20,73,,,,
USR0000HKII,"KII HAWAII, HI US",21.6883,-157.9525,1.5,3/9/20,71,,,,
USR0000HKII,"KII HAWAII, HI US",21.6883,-157.9525,1.5,3/10/20,72,,,,
USR0000HKII,"KII HAWAII, HI US",21.6883,-157.9525,1.5,3/11/20,71,,,,
USR0000HKII,"KII HAWAII, HI US",21.6883,-157.9525,1.5,3/12/20,70,,,,
USR0000HKII,"KII HAWAII, HI US",21.6883,-157.9525,1.5,3/13/20,71,,,,
USR0000HKII,"KII HAWAII, HI US",21.6883,-157.9525,1.5,3/14/20,73,,,,
USR0000HKII,"KII HAWAII, HI US",21.6883,-157.9525,1.5,3/15/20,72,,,,
USR0000HKII,"KII HAWAII, HI US",21.6883,-157.9525,1.5,3/16/20,73,,,,
USR0000HKII,"KII HAWAII, HI US",21.6883,-157.9525,1.5,3/17/20,72,,,,
USR0000HKII,"KII HAWAII, HI US",21.6883,-157.9525,1.5,3/18/20,73,,,,
USR0000HKII,"KII HAWAII, HI US",21.6883,-157.9525,1.5,3/19/20,73,,,,
USR0000HKII,"KII HAWAII, HI US",21.6883,-157.9525,1.5,3/20/20,74,,,,
USR0000HKII,"KII HAWAII, HI US",21.6883,-157.9525,1.5,3/21/20,76,,,,
USR0000HKII,"KII HAWAII, HI US",21.6883,-157.9525,1.5,3/22/20,74,,,,
USR0000HKII,"KII HAWAII, HI US",21.6883,-157.9525,1.5,3/23/20,74,,,,
USR0000HKII,"KII HAWAII, HI US",21.6883,-157.9525,1.5,3/24/20,72,,,,
USR0000HKII,"KII HAWAII, HI US",21.6883,-157.9525,1.5,3/25/20,74,,,,
USR0000HKII,"KII HAWAII, HI US",21.6883,-157.9525,1.5,3/26/20,73,,,,
USR0000HKII,"KII HAWAII, HI US",21.6883,-157.9525,1.5,3/27/20,72,,,,
USR0000HKII,"KII HAWAII, HI US",21.6883,-157.9525,1.5,3/28/20,74,,,,
USR0000HKII,"KII HAWAII, HI US",21.6883,-157.9525,1.5,3/29/20,74,,,,
USR0000HKII,"KII HAWAII, HI US",21.6883,-157.9525,1.5,3/30/20,74,,,,
USR0000HKII,"KII HAWAII, HI US",21.6883,-157.9525,1.5,3/31/20,74,,,,
USC00514829,"KUALOA RANCH 885.6, HI US",21.53,-157.85028,24.7,3/1/20,,,,,
USC00514829,"KUALOA RANCH 885.6, HI US",21.53,-157.85028,24.7,3/2/20,,,,,
USC00514829,"KUALOA RANCH 885.6, HI US",21.53,-157.85028,24.7,3/3/20,,,,,
USC00514829,"KUALOA RANCH 885.6, HI US",21.53,-157.85028,24.7,3/4/20,,,,,
USC00514829,"KUALOA RANCH 885.6, HI US",21.53,-157.85028,24.7,3/5/20,,,,,
USC00514829,"KUALOA RANCH 885.6, HI US",21.53,-157.85028,24.7,3/6/20,,,,,
USC00514829,"KUALOA RANCH 885.6, HI US",21.53,-157.85028,24.7,3/7/20,,,,,
USC00514829,"KUALOA RANCH 885.6, HI US",21.53,-157.85028,24.7,3/8/20,,,,,
USC00514829,"KUALOA RANCH 885.6, HI US",21.53,-157.85028,24.7,3/9/20,,,,,
USC00514829,"KUALOA RANCH 885.6, HI US",21.53,-157.85028,24.7,3/10/20,,,,,
USC00514829,"KUALOA RANCH 885.6, HI US",21.53,-157.85028,24.7,3/11/20,,,,,
USC00514829,"KUALOA RANCH 885.6, HI US",21.53,-157.85028,24.7,3/12/20,,,,,
USC00514829,"KUALOA RANCH 885.6, HI US",21.53,-157.85028,24.7,3/13/20,,,,,
USC00514829,"KUALOA RANCH 885.6, HI US",21.53,-157.85028,24.7,3/14/20,,,,,
USC00514829,"KUALOA RANCH 885.6, HI US",21.53,-157.85028,24.7,3/15/20,,,,,
USC00514829,"KUALOA RANCH 885.6, HI US",21.53,-157.85028,24.7,3/16/20,,,,,
USC00514829,"KUALOA RANCH 885.6, HI US",21.53,-157.85028,24.7,3/17/20,,,,,
USC00514829,"KUALOA RANCH 885.6, HI US",21.53,-157.85028,24.7,3/18/20,,,,,
USC00514829,"KUALOA RANCH 885.6, HI US",21.53,-157.85028,24.7,3/19/20,,,,,
USC00514829,"KUALOA RANCH 885.6, HI US",21.53,-157.85028,24.7,3/20/20,,,,,
USC00514829,"KUALOA RANCH 885.6, HI US",21.53,-157.85028,24.7,3/22/20,,,,,
USC00514829,"KUALOA RANCH 885.6, HI US",21.53,-157.85028,24.7,3/23/20,,,,,
USC00514829,"KUALOA RANCH 885.6, HI US",21.53,-157.85028,24.7,3/24/20,,,,,
USC00514829,"KUALOA RANCH 885.6, HI US",21.53,-157.85028,24.7,3/25/20,,,,,
USC00514829,"KUALOA RANCH 885.6, HI US",21.53,-157.85028,24.7,3/27/20,,,,,
USC00514829,"KUALOA RANCH 885.6, HI US",21.53,-157.85028,24.7,3/28/20,,,,,
USC00514829,"KUALOA RANCH 885.6, HI US",21.53,-157.85028,24.7,3/29/20,,,,,
USC00514829,"KUALOA RANCH 885.6, HI US",21.53,-157.85028,24.7,3/30/20,,,,,
USC00514829,"KUALOA RANCH 885.6, HI US",21.53,-157.85028,24.7,3/31/20,,,,,
USC00514828,"KUALOA RANCH HAKIPUU 886.11, HI US",21.51083,-157.86222,75,3/1/20,,,,,
USC00514828,"KUALOA RANCH HAKIPUU 886.11, HI US",21.51083,-157.86222,75,3/2/20,,,,,
USC00514828,"KUALOA RANCH HAKIPUU 886.11, HI US",21.51083,-157.86222,75,3/3/20,,,,,
USC00514828,"KUALOA RANCH HAKIPUU 886.11, HI US",21.51083,-157.86222,75,3/4/20,,,,,
USC00514828,"KUALOA RANCH HAKIPUU 886.11, HI US",21.51083,-157.86222,75,3/5/20,,,,,
USC00514828,"KUALOA RANCH HAKIPUU 886.11, HI US",21.51083,-157.86222,75,3/6/20,,,,,
USC00514828,"KUALOA RANCH HAKIPUU 886.11, HI US",21.51083,-157.86222,75,3/7/20,,,,,
USC00514828,"KUALOA RANCH HAKIPUU 886.11, HI US",21.51083,-157.86222,75,3/8/20,,,,,
USC00514828,"KUALOA RANCH HAKIPUU 886.11, HI US",21.51083,-157.86222,75,3/9/20,,,,,
USC00514828,"KUALOA RANCH HAKIPUU 886.11, HI US",21.51083,-157.86222,75,3/10/20,,,,,
USC00514828,"KUALOA RANCH HAKIPUU 886.11, HI US",21.51083,-157.86222,75,3/11/20,,,,,
USC00514828,"KUALOA RANCH HAKIPUU 886.11, HI US",21.51083,-157.86222,75,3/12/20,,,,,
USC00514828,"KUALOA RANCH HAKIPUU 886.11, HI US",21.51083,-157.86222,75,3/13/20,,,,,
USC00514828,"KUALOA RANCH HAKIPUU 886.11, HI US",21.51083,-157.86222,75,3/14/20,,,,,
USC00514828,"KUALOA RANCH HAKIPUU 886.11, HI US",21.51083,-157.86222,75,3/16/20,,,,,
USC00514828,"KUALOA RANCH HAKIPUU 886.11, HI US",21.51083,-157.86222,75,3/17/20,,,,,
USC00514828,"KUALOA RANCH HAKIPUU 886.11, HI US",21.51083,-157.86222,75,3/18/20,,,,,
USC00514828,"KUALOA RANCH HAKIPUU 886.11, HI US",21.51083,-157.86222,75,3/19/20,,,,,
USC00514828,"KUALOA RANCH HAKIPUU 886.11, HI US",21.51083,-157.86222,75,3/20/20,,,,,
USC00514828,"KUALOA RANCH HAKIPUU 886.11, HI US",21.51083,-157.86222,75,3/22/20,,,,,
USC00514828,"KUALOA RANCH HAKIPUU 886.11, HI US",21.51083,-157.86222,75,3/23/20,,,,,
USC00514828,"KUALOA RANCH HAKIPUU 886.11, HI US",21.51083,-157.86222,75,3/24/20,,,,,
USC00514828,"KUALOA RANCH HAKIPUU 886.11, HI US",21.51083,-157.86222,75,3/25/20,,,,,
USC00514828,"KUALOA RANCH HAKIPUU 886.11, HI US",21.51083,-157.86222,75,3/27/20,,,,,
USC00514828,"KUALOA RANCH HAKIPUU 886.11, HI US",21.51083,-157.86222,75,3/28/20,,,,,
USC00514828,"KUALOA RANCH HAKIPUU 886.11, HI US",21.51083,-157.86222,75,3/29/20,,,,,
USC00514828,"KUALOA RANCH HAKIPUU 886.11, HI US",21.51083,-157.86222,75,3/30/20,,,,,
USC00514828,"KUALOA RANCH HAKIPUU 886.11, HI US",21.51083,-157.86222,75,3/31/20,,,,,