STATION,NAME,LATITUDE,LONGITUDE,ELEVATION,DATE,TAVG,avg_apr,county,state,fips
USC00513171,"KAPAHI 1094.2, HI US",22.10222,-159.38611,161.5,4/4/20,,72.38,Kauai ,Hawaii,15007
USC00513171,"KAPAHI 1094.2, HI US",22.10222,-159.38611,161.5,4/7/20,,,,,
USC00513171,"KAPAHI 1094.2, HI US",22.10222,-159.38611,161.5,4/8/20,,,,,
USC00513171,"KAPAHI 1094.2, HI US",22.10222,-159.38611,161.5,4/9/20,,,,,
USC00513171,"KAPAHI 1094.2, HI US",22.10222,-159.38611,161.5,4/10/20,,,,,
USC00513171,"KAPAHI 1094.2, HI US",22.10222,-159.38611,161.5,4/11/20,,,,,
USC00513171,"KAPAHI 1094.2, HI US",22.10222,-159.38611,161.5,4/16/20,,,,,
USC00513171,"KAPAHI 1094.2, HI US",22.10222,-159.38611,161.5,4/17/20,,,,,
USC00513171,"KAPAHI 1094.2, HI US",22.10222,-159.38611,161.5,4/18/20,,,,,
USC00513171,"KAPAHI 1094.2, HI US",22.10222,-159.38611,161.5,4/19/20,,,,,
USC00513171,"KAPAHI 1094.2, HI US",22.10222,-159.38611,161.5,4/20/20,,,,,
USC00513171,"KAPAHI 1094.2, HI US",22.10222,-159.38611,161.5,4/21/20,,,,,
USC00513171,"KAPAHI 1094.2, HI US",22.10222,-159.38611,161.5,4/25/20,,,,,
USC00513171,"KAPAHI 1094.2, HI US",22.10222,-159.38611,161.5,4/27/20,,,,,
USC00513171,"KAPAHI 1094.2, HI US",22.10222,-159.38611,161.5,4/28/20,,,,,
USC00515560,"LIHUE VAR STATION 1062.1, HI US",22.02417,-159.38667,115.8,4/3/20,,,,,
USC00515560,"LIHUE VAR STATION 1062.1, HI US",22.02417,-159.38667,115.8,4/4/20,,,,,
USC00515560,"LIHUE VAR STATION 1062.1, HI US",22.02417,-159.38667,115.8,4/7/20,,,,,
USC00515560,"LIHUE VAR STATION 1062.1, HI US",22.02417,-159.38667,115.8,4/8/20,,,,,
USC00515560,"LIHUE VAR STATION 1062.1, HI US",22.02417,-159.38667,115.8,4/9/20,,,,,
USC00515560,"LIHUE VAR STATION 1062.1, HI US",22.02417,-159.38667,115.8,4/10/20,,,,,
USC00515560,"LIHUE VAR STATION 1062.1, HI US",22.02417,-159.38667,115.8,4/11/20,,,,,
USC00515560,"LIHUE VAR STATION 1062.1, HI US",22.02417,-159.38667,115.8,4/12/20,,,,,
USC00515560,"LIHUE VAR STATION 1062.1, HI US",22.02417,-159.38667,115.8,4/13/20,,,,,
USC00515560,"LIHUE VAR STATION 1062.1, HI US",22.02417,-159.38667,115.8,4/16/20,,,,,
USC00515560,"LIHUE VAR STATION 1062.1, HI US",22.02417,-159.38667,115.8,4/17/20,,,,,
USC00515560,"LIHUE VAR STATION 1062.1, HI US",22.02417,-159.38667,115.8,4/18/20,,,,,
USC00515560,"LIHUE VAR STATION 1062.1, HI US",22.02417,-159.38667,115.8,4/19/20,,,,,
USC00515560,"LIHUE VAR STATION 1062.1, HI US",22.02417,-159.38667,115.8,4/20/20,,,,,
USC00515560,"LIHUE VAR STATION 1062.1, HI US",22.02417,-159.38667,115.8,4/21/20,,,,,
USC00515560,"LIHUE VAR STATION 1062.1, HI US",22.02417,-159.38667,115.8,4/22/20,,,,,
USC00515560,"LIHUE VAR STATION 1062.1, HI US",22.02417,-159.38667,115.8,4/25/20,,,,,
USC00515560,"LIHUE VAR STATION 1062.1, HI US",22.02417,-159.38667,115.8,4/27/20,,,,,
USC00515560,"LIHUE VAR STATION 1062.1, HI US",22.02417,-159.38667,115.8,4/28/20,,,,,
US1HIKI0019,"KAPAA 1.9 WSW, HI US",22.082936,-159.378555,157,4/1/20,,,,,
US1HIKI0019,"KAPAA 1.9 WSW, HI US",22.082936,-159.378555,157,4/2/20,,,,,
US1HIKI0019,"KAPAA 1.9 WSW, HI US",22.082936,-159.378555,157,4/3/20,,,,,
US1HIKI0019,"KAPAA 1.9 WSW, HI US",22.082936,-159.378555,157,4/4/20,,,,,
US1HIKI0019,"KAPAA 1.9 WSW, HI US",22.082936,-159.378555,157,4/5/20,,,,,
US1HIKI0019,"KAPAA 1.9 WSW, HI US",22.082936,-159.378555,157,4/6/20,,,,,
US1HIKI0019,"KAPAA 1.9 WSW, HI US",22.082936,-159.378555,157,4/7/20,,,,,
US1HIKI0019,"KAPAA 1.9 WSW, HI US",22.082936,-159.378555,157,4/8/20,,,,,
US1HIKI0019,"KAPAA 1.9 WSW, HI US",22.082936,-159.378555,157,4/9/20,,,,,
US1HIKI0019,"KAPAA 1.9 WSW, HI US",22.082936,-159.378555,157,4/10/20,,,,,
US1HIKI0019,"KAPAA 1.9 WSW, HI US",22.082936,-159.378555,157,4/11/20,,,,,
US1HIKI0019,"KAPAA 1.9 WSW, HI US",22.082936,-159.378555,157,4/12/20,,,,,
US1HIKI0019,"KAPAA 1.9 WSW, HI US",22.082936,-159.378555,157,4/13/20,,,,,
US1HIKI0019,"KAPAA 1.9 WSW, HI US",22.082936,-159.378555,157,4/14/20,,,,,
US1HIKI0019,"KAPAA 1.9 WSW, HI US",22.082936,-159.378555,157,4/15/20,,,,,
US1HIKI0019,"KAPAA 1.9 WSW, HI US",22.082936,-159.378555,157,4/16/20,,,,,
US1HIKI0019,"KAPAA 1.9 WSW, HI US",22.082936,-159.378555,157,4/17/20,,,,,
US1HIKI0019,"KAPAA 1.9 WSW, HI US",22.082936,-159.378555,157,4/18/20,,,,,
US1HIKI0019,"KAPAA 1.9 WSW, HI US",22.082936,-159.378555,157,4/19/20,,,,,
US1HIKI0019,"KAPAA 1.9 WSW, HI US",22.082936,-159.378555,157,4/20/20,,,,,
US1HIKI0019,"KAPAA 1.9 WSW, HI US",22.082936,-159.378555,157,4/21/20,,,,,
US1HIKI0019,"KAPAA 1.9 WSW, HI US",22.082936,-159.378555,157,4/22/20,,,,,
US1HIKI0019,"KAPAA 1.9 WSW, HI US",22.082936,-159.378555,157,4/23/20,,,,,
US1HIKI0019,"KAPAA 1.9 WSW, HI US",22.082936,-159.378555,157,4/24/20,,,,,
US1HIKI0019,"KAPAA 1.9 WSW, HI US",22.082936,-159.378555,157,4/25/20,,,,,
US1HIKI0019,"KAPAA 1.9 WSW, HI US",22.082936,-159.378555,157,4/26/20,,,,,
US1HIKI0019,"KAPAA 1.9 WSW, HI US",22.082936,-159.378555,157,4/27/20,,,,,
US1HIKI0019,"KAPAA 1.9 WSW, HI US",22.082936,-159.378555,157,4/28/20,,,,,
US1HIKI0019,"KAPAA 1.9 WSW, HI US",22.082936,-159.378555,157,4/29/20,,,,,
US1HIKI0019,"KAPAA 1.9 WSW, HI US",22.082936,-159.378555,157,4/30/20,,,,,
USC00519475,"WAILUA UH EXPERIMENTAL STATION, HI US",22.06583,-159.39611,167.6,4/4/20,,,,,
USC00519475,"WAILUA UH EXPERIMENTAL STATION, HI US",22.06583,-159.39611,167.6,4/7/20,,,,,
USC00519475,"WAILUA UH EXPERIMENTAL STATION, HI US",22.06583,-159.39611,167.6,4/9/20,,,,,
USC00519475,"WAILUA UH EXPERIMENTAL STATION, HI US",22.06583,-159.39611,167.6,4/11/20,,,,,
USC00519475,"WAILUA UH EXPERIMENTAL STATION, HI US",22.06583,-159.39611,167.6,4/16/20,,,,,
USC00519475,"WAILUA UH EXPERIMENTAL STATION, HI US",22.06583,-159.39611,167.6,4/17/20,,,,,
USC00519475,"WAILUA UH EXPERIMENTAL STATION, HI US",22.06583,-159.39611,167.6,4/18/20,,,,,
USC00519475,"WAILUA UH EXPERIMENTAL STATION, HI US",22.06583,-159.39611,167.6,4/19/20,,,,,
USC00519475,"WAILUA UH EXPERIMENTAL STATION, HI US",22.06583,-159.39611,167.6,4/20/20,,,,,
USC00519475,"WAILUA UH EXPERIMENTAL STATION, HI US",22.06583,-159.39611,167.6,4/21/20,,,,,
USC00519475,"WAILUA UH EXPERIMENTAL STATION, HI US",22.06583,-159.39611,167.6,4/27/20,,,,,
USC00519475,"WAILUA UH EXPERIMENTAL STATION, HI US",22.06583,-159.39611,167.6,4/28/20,,,,,
US1HIKI0009,"LIHUE 1.3 NE, HI US",21.987,-159.338,25,4/1/20,,,,,
US1HIKI0009,"LIHUE 1.3 NE, HI US",21.987,-159.338,25,4/2/20,,,,,
US1HIKI0009,"LIHUE 1.3 NE, HI US",21.987,-159.338,25,4/3/20,,,,,
US1HIKI0009,"LIHUE 1.3 NE, HI US",21.987,-159.338,25,4/4/20,,,,,
US1HIKI0009,"LIHUE 1.3 NE, HI US",21.987,-159.338,25,4/5/20,,,,,
US1HIKI0009,"LIHUE 1.3 NE, HI US",21.987,-159.338,25,4/6/20,,,,,
US1HIKI0009,"LIHUE 1.3 NE, HI US",21.987,-159.338,25,4/7/20,,,,,
US1HIKI0009,"LIHUE 1.3 NE, HI US",21.987,-159.338,25,4/8/20,,,,,
US1HIKI0009,"LIHUE 1.3 NE, HI US",21.987,-159.338,25,4/9/20,,,,,
US1HIKI0009,"LIHUE 1.3 NE, HI US",21.987,-159.338,25,4/10/20,,,,,
US1HIKI0009,"LIHUE 1.3 NE, HI US",21.987,-159.338,25,4/11/20,,,,,
US1HIKI0009,"LIHUE 1.3 NE, HI US",21.987,-159.338,25,4/12/20,,,,,
US1HIKI0009,"LIHUE 1.3 NE, HI US",21.987,-159.338,25,4/13/20,,,,,
US1HIKI0009,"LIHUE 1.3 NE, HI US",21.987,-159.338,25,4/14/20,,,,,
US1HIKI0009,"LIHUE 1.3 NE, HI US",21.987,-159.338,25,4/15/20,,,,,
US1HIKI0009,"LIHUE 1.3 NE, HI US",21.987,-159.338,25,4/16/20,,,,,
US1HIKI0009,"LIHUE 1.3 NE, HI US",21.987,-159.338,25,4/17/20,,,,,
US1HIKI0009,"LIHUE 1.3 NE, HI US",21.987,-159.338,25,4/18/20,,,,,
US1HIKI0009,"LIHUE 1.3 NE, HI US",21.987,-159.338,25,4/19/20,,,,,
US1HIKI0009,"LIHUE 1.3 NE, HI US",21.987,-159.338,25,4/20/20,,,,,
US1HIKI0009,"LIHUE 1.3 NE, HI US",21.987,-159.338,25,4/21/20,,,,,
US1HIKI0009,"LIHUE 1.3 NE, HI US",21.987,-159.338,25,4/22/20,,,,,
US1HIKI0009,"LIHUE 1.3 NE, HI US",21.987,-159.338,25,4/23/20,,,,,
US1HIKI0009,"LIHUE 1.3 NE, HI US",21.987,-159.338,25,4/24/20,,,,,
US1HIKI0009,"LIHUE 1.3 NE, HI US",21.987,-159.338,25,4/25/20,,,,,
US1HIKI0009,"LIHUE 1.3 NE, HI US",21.987,-159.338,25,4/26/20,,,,,
US1HIKI0009,"LIHUE 1.3 NE, HI US",21.987,-159.338,25,4/27/20,,,,,
US1HIKI0009,"LIHUE 1.3 NE, HI US",21.987,-159.338,25,4/28/20,,,,,
US1HIKI0009,"LIHUE 1.3 NE, HI US",21.987,-159.338,25,4/29/20,,,,,
US1HIKI0009,"LIHUE 1.3 NE, HI US",21.987,-159.338,25,4/30/20,,,,,
USC00518217,"PUHI 1013, HI US",21.96556,-159.39639,100.3,4/3/20,,,,,
USC00518217,"PUHI 1013, HI US",21.96556,-159.39639,100.3,4/7/20,,,,,
USC00518217,"PUHI 1013, HI US",21.96556,-159.39639,100.3,4/9/20,,,,,
USC00518217,"PUHI 1013, HI US",21.96556,-159.39639,100.3,4/13/20,,,,,
USC00518217,"PUHI 1013, HI US",21.96556,-159.39639,100.3,4/14/20,,,,,
USC00518217,"PUHI 1013, HI US",21.96556,-159.39639,100.3,4/15/20,,,,,
USC00518217,"PUHI 1013, HI US",21.96556,-159.39639,100.3,4/16/20,,,,,
USC00518217,"PUHI 1013, HI US",21.96556,-159.39639,100.3,4/20/20,,,,,
USC00518217,"PUHI 1013, HI US",21.96556,-159.39639,100.3,4/22/20,,,,,
USC00518217,"PUHI 1013, HI US",21.96556,-159.39639,100.3,4/27/20,,,,,
USC00518217,"PUHI 1013, HI US",21.96556,-159.39639,100.3,4/29/20,,,,,
USC00518217,"PUHI 1013, HI US",21.96556,-159.39639,100.3,4/30/20,,,,,
USC00517116,"OMAO 992.1, HI US",21.9075,-159.47667,73.2,4/1/20,,,,,
USC00517116,"OMAO 992.1, HI US",21.9075,-159.47667,73.2,4/2/20,,,,,
USC00517116,"OMAO 992.1, HI US",21.9075,-159.47667,73.2,4/13/20,,,,,
USC00517116,"OMAO 992.1, HI US",21.9075,-159.47667,73.2,4/16/20,,,,,
USC00517116,"OMAO 992.1, HI US",21.9075,-159.47667,73.2,4/17/20,,,,,
USC00517116,"OMAO 992.1, HI US",21.9075,-159.47667,73.2,4/18/20,,,,,
USC00517116,"OMAO 992.1, HI US",21.9075,-159.47667,73.2,4/19/20,,,,,
USC00517116,"OMAO 992.1, HI US",21.9075,-159.47667,73.2,4/20/20,,,,,
USC00517116,"OMAO 992.1, HI US",21.9075,-159.47667,73.2,4/21/20,,,,,
USC00517116,"OMAO 992.1, HI US",21.9075,-159.47667,73.2,4/22/20,,,,,
USC00517116,"OMAO 992.1, HI US",21.9075,-159.47667,73.2,4/27/20,,,,,
US1HIKI0002,"LIHUE 1.2 NNW, HI US",21.99235,-159.3585833,60.4,4/1/20,,,,,
US1HIKI0002,"LIHUE 1.2 NNW, HI US",21.99235,-159.3585833,60.4,4/2/20,,,,,
US1HIKI0002,"LIHUE 1.2 NNW, HI US",21.99235,-159.3585833,60.4,4/3/20,,,,,
US1HIKI0002,"LIHUE 1.2 NNW, HI US",21.99235,-159.3585833,60.4,4/4/20,,,,,
US1HIKI0002,"LIHUE 1.2 NNW, HI US",21.99235,-159.3585833,60.4,4/5/20,,,,,
US1HIKI0002,"LIHUE 1.2 NNW, HI US",21.99235,-159.3585833,60.4,4/6/20,,,,,
US1HIKI0002,"LIHUE 1.2 NNW, HI US",21.99235,-159.3585833,60.4,4/7/20,,,,,
US1HIKI0002,"LIHUE 1.2 NNW, HI US",21.99235,-159.3585833,60.4,4/8/20,,,,,
US1HIKI0002,"LIHUE 1.2 NNW, HI US",21.99235,-159.3585833,60.4,4/9/20,,,,,
US1HIKI0002,"LIHUE 1.2 NNW, HI US",21.99235,-159.3585833,60.4,4/10/20,,,,,
US1HIKI0002,"LIHUE 1.2 NNW, HI US",21.99235,-159.3585833,60.4,4/11/20,,,,,
US1HIKI0002,"LIHUE 1.2 NNW, HI US",21.99235,-159.3585833,60.4,4/12/20,,,,,
US1HIKI0002,"LIHUE 1.2 NNW, HI US",21.99235,-159.3585833,60.4,4/13/20,,,,,
US1HIKI0002,"LIHUE 1.2 NNW, HI US",21.99235,-159.3585833,60.4,4/14/20,,,,,
US1HIKI0002,"LIHUE 1.2 NNW, HI US",21.99235,-159.3585833,60.4,4/15/20,,,,,
US1HIKI0002,"LIHUE 1.2 NNW, HI US",21.99235,-159.3585833,60.4,4/16/20,,,,,
US1HIKI0002,"LIHUE 1.2 NNW, HI US",21.99235,-159.3585833,60.4,4/17/20,,,,,
US1HIKI0002,"LIHUE 1.2 NNW, HI US",21.99235,-159.3585833,60.4,4/18/20,,,,,
US1HIKI0002,"LIHUE 1.2 NNW, HI US",21.99235,-159.3585833,60.4,4/19/20,,,,,
US1HIKI0002,"LIHUE 1.2 NNW, HI US",21.99235,-159.3585833,60.4,4/20/20,,,,,
US1HIKI0002,"LIHUE 1.2 NNW, HI US",21.99235,-159.3585833,60.4,4/21/20,,,,,
US1HIKI0002,"LIHUE 1.2 NNW, HI US",21.99235,-159.3585833,60.4,4/22/20,,,,,
US1HIKI0002,"LIHUE 1.2 NNW, HI US",21.99235,-159.3585833,60.4,4/23/20,,,,,
US1HIKI0002,"LIHUE 1.2 NNW, HI US",21.99235,-159.3585833,60.4,4/24/20,,,,,
US1HIKI0002,"LIHUE 1.2 NNW, HI US",21.99235,-159.3585833,60.4,4/25/20,,,,,
US1HIKI0002,"LIHUE 1.2 NNW, HI US",21.99235,-159.3585833,60.4,4/26/20,,,,,
US1HIKI0002,"LIHUE 1.2 NNW, HI US",21.99235,-159.3585833,60.4,4/27/20,,,,,
US1HIKI0002,"LIHUE 1.2 NNW, HI US",21.99235,-159.3585833,60.4,4/28/20,,,,,
US1HIKI0002,"LIHUE 1.2 NNW, HI US",21.99235,-159.3585833,60.4,4/29/20,,,,,
US1HIKI0002,"LIHUE 1.2 NNW, HI US",21.99235,-159.3585833,60.4,4/30/20,,,,,
US1HIKI0024,"HANALEI 3.0 W, HI US",22.210271,-159.549178,6.4,4/1/20,,,,,
US1HIKI0024,"HANALEI 3.0 W, HI US",22.210271,-159.549178,6.4,4/2/20,,,,,
US1HIKI0024,"HANALEI 3.0 W, HI US",22.210271,-159.549178,6.4,4/3/20,,,,,
US1HIKI0024,"HANALEI 3.0 W, HI US",22.210271,-159.549178,6.4,4/4/20,,,,,
US1HIKI0024,"HANALEI 3.0 W, HI US",22.210271,-159.549178,6.4,4/5/20,,,,,
US1HIKI0024,"HANALEI 3.0 W, HI US",22.210271,-159.549178,6.4,4/6/20,,,,,
US1HIKI0024,"HANALEI 3.0 W, HI US",22.210271,-159.549178,6.4,4/7/20,,,,,
US1HIKI0024,"HANALEI 3.0 W, HI US",22.210271,-159.549178,6.4,4/8/20,,,,,
US1HIKI0024,"HANALEI 3.0 W, HI US",22.210271,-159.549178,6.4,4/9/20,,,,,
US1HIKI0024,"HANALEI 3.0 W, HI US",22.210271,-159.549178,6.4,4/10/20,,,,,
US1HIKI0024,"HANALEI 3.0 W, HI US",22.210271,-159.549178,6.4,4/11/20,,,,,
US1HIKI0024,"HANALEI 3.0 W, HI US",22.210271,-159.549178,6.4,4/12/20,,,,,
US1HIKI0024,"HANALEI 3.0 W, HI US",22.210271,-159.549178,6.4,4/13/20,,,,,
US1HIKI0024,"HANALEI 3.0 W, HI US",22.210271,-159.549178,6.4,4/14/20,,,,,
US1HIKI0024,"HANALEI 3.0 W, HI US",22.210271,-159.549178,6.4,4/15/20,,,,,
US1HIKI0024,"HANALEI 3.0 W, HI US",22.210271,-159.549178,6.4,4/16/20,,,,,
US1HIKI0024,"HANALEI 3.0 W, HI US",22.210271,-159.549178,6.4,4/17/20,,,,,
US1HIKI0024,"HANALEI 3.0 W, HI US",22.210271,-159.549178,6.4,4/18/20,,,,,
US1HIKI0024,"HANALEI 3.0 W, HI US",22.210271,-159.549178,6.4,4/19/20,,,,,
US1HIKI0024,"HANALEI 3.0 W, HI US",22.210271,-159.549178,6.4,4/20/20,,,,,
US1HIKI0024,"HANALEI 3.0 W, HI US",22.210271,-159.549178,6.4,4/21/20,,,,,
US1HIKI0024,"HANALEI 3.0 W, HI US",22.210271,-159.549178,6.4,4/22/20,,,,,
US1HIKI0024,"HANALEI 3.0 W, HI US",22.210271,-159.549178,6.4,4/23/20,,,,,
US1HIKI0024,"HANALEI 3.0 W, HI US",22.210271,-159.549178,6.4,4/24/20,,,,,
US1HIKI0024,"HANALEI 3.0 W, HI US",22.210271,-159.549178,6.4,4/25/20,,,,,
US1HIKI0024,"HANALEI 3.0 W, HI US",22.210271,-159.549178,6.4,4/26/20,,,,,
US1HIKI0024,"HANALEI 3.0 W, HI US",22.210271,-159.549178,6.4,4/27/20,,,,,
US1HIKI0024,"HANALEI 3.0 W, HI US",22.210271,-159.549178,6.4,4/28/20,,,,,
US1HIKI0024,"HANALEI 3.0 W, HI US",22.210271,-159.549178,6.4,4/29/20,,,,,
US1HIKI0024,"HANALEI 3.0 W, HI US",22.210271,-159.549178,6.4,4/30/20,,,,,
USC00513386,"HANALEI 1117.8, HI US",22.19861,-159.495,1.5,4/2/20,,,,,
USC00513386,"HANALEI 1117.8, HI US",22.19861,-159.495,1.5,4/3/20,,,,,
USC00513386,"HANALEI 1117.8, HI US",22.19861,-159.495,1.5,4/4/20,,,,,
USC00513386,"HANALEI 1117.8, HI US",22.19861,-159.495,1.5,4/7/20,,,,,
USC00513386,"HANALEI 1117.8, HI US",22.19861,-159.495,1.5,4/8/20,,,,,
USC00513386,"HANALEI 1117.8, HI US",22.19861,-159.495,1.5,4/9/20,,,,,
USC00513386,"HANALEI 1117.8, HI US",22.19861,-159.495,1.5,4/10/20,,,,,
USC00513386,"HANALEI 1117.8, HI US",22.19861,-159.495,1.5,4/11/20,,,,,
USC00513386,"HANALEI 1117.8, HI US",22.19861,-159.495,1.5,4/12/20,,,,,
USC00513386,"HANALEI 1117.8, HI US",22.19861,-159.495,1.5,4/13/20,,,,,
USC00513386,"HANALEI 1117.8, HI US",22.19861,-159.495,1.5,4/16/20,,,,,
USC00513386,"HANALEI 1117.8, HI US",22.19861,-159.495,1.5,4/17/20,,,,,
USC00513386,"HANALEI 1117.8, HI US",22.19861,-159.495,1.5,4/18/20,,,,,
USC00513386,"HANALEI 1117.8, HI US",22.19861,-159.495,1.5,4/19/20,,,,,
USC00513386,"HANALEI 1117.8, HI US",22.19861,-159.495,1.5,4/20/20,,,,,
USC00513386,"HANALEI 1117.8, HI US",22.19861,-159.495,1.5,4/21/20,,,,,
USC00513386,"HANALEI 1117.8, HI US",22.19861,-159.495,1.5,4/22/20,,,,,
USC00513386,"HANALEI 1117.8, HI US",22.19861,-159.495,1.5,4/23/20,,,,,
USC00513386,"HANALEI 1117.8, HI US",22.19861,-159.495,1.5,4/24/20,,,,,
USC00513386,"HANALEI 1117.8, HI US",22.19861,-159.495,1.5,4/25/20,,,,,
USC00513386,"HANALEI 1117.8, HI US",22.19861,-159.495,1.5,4/27/20,,,,,
USW00022536,"LIHUE WEATHER SERVICE OFFICE AIRPORT 1020.1, HI US",21.98389,-159.34056,30.5,4/1/20,75,,,,
USW00022536,"LIHUE WEATHER SERVICE OFFICE AIRPORT 1020.1, HI US",21.98389,-159.34056,30.5,4/2/20,75,,,,
USW00022536,"LIHUE WEATHER SERVICE OFFICE AIRPORT 1020.1, HI US",21.98389,-159.34056,30.5,4/3/20,75,,,,
USW00022536,"LIHUE WEATHER SERVICE OFFICE AIRPORT 1020.1, HI US",21.98389,-159.34056,30.5,4/4/20,77,,,,
USW00022536,"LIHUE WEATHER SERVICE OFFICE AIRPORT 1020.1, HI US",21.98389,-159.34056,30.5,4/5/20,74,,,,
USW00022536,"LIHUE WEATHER SERVICE OFFICE AIRPORT 1020.1, HI US",21.98389,-159.34056,30.5,4/6/20,76,,,,
USW00022536,"LIHUE WEATHER SERVICE OFFICE AIRPORT 1020.1, HI US",21.98389,-159.34056,30.5,4/7/20,74,,,,
USW00022536,"LIHUE WEATHER SERVICE OFFICE AIRPORT 1020.1, HI US",21.98389,-159.34056,30.5,4/8/20,73,,,,
USW00022536,"LIHUE WEATHER SERVICE OFFICE AIRPORT 1020.1, HI US",21.98389,-159.34056,30.5,4/9/20,72,,,,
USW00022536,"LIHUE WEATHER SERVICE OFFICE AIRPORT 1020.1, HI US",21.98389,-159.34056,30.5,4/10/20,71,,,,
USW00022536,"LIHUE WEATHER SERVICE OFFICE AIRPORT 1020.1, HI US",21.98389,-159.34056,30.5,4/11/20,75,,,,
USW00022536,"LIHUE WEATHER SERVICE OFFICE AIRPORT 1020.1, HI US",21.98389,-159.34056,30.5,4/12/20,72,,,,
USW00022536,"LIHUE WEATHER SERVICE OFFICE AIRPORT 1020.1, HI US",21.98389,-159.34056,30.5,4/13/20,73,,,,
USW00022536,"LIHUE WEATHER SERVICE OFFICE AIRPORT 1020.1, HI US",21.98389,-159.34056,30.5,4/14/20,75,,,,
USW00022536,"LIHUE WEATHER SERVICE OFFICE AIRPORT 1020.1, HI US",21.98389,-159.34056,30.5,4/15/20,75,,,,
USW00022536,"LIHUE WEATHER SERVICE OFFICE AIRPORT 1020.1, HI US",21.98389,-159.34056,30.5,4/16/20,77,,,,
USW00022536,"LIHUE WEATHER SERVICE OFFICE AIRPORT 1020.1, HI US",21.98389,-159.34056,30.5,4/17/20,76,,,,
USW00022536,"LIHUE WEATHER SERVICE OFFICE AIRPORT 1020.1, HI US",21.98389,-159.34056,30.5,4/18/20,76,,,,
USW00022536,"LIHUE WEATHER SERVICE OFFICE AIRPORT 1020.1, HI US",21.98389,-159.34056,30.5,4/19/20,75,,,,
USW00022536,"LIHUE WEATHER SERVICE OFFICE AIRPORT 1020.1, HI US",21.98389,-159.34056,30.5,4/20/20,74,,,,
USW00022536,"LIHUE WEATHER SERVICE OFFICE AIRPORT 1020.1, HI US",21.98389,-159.34056,30.5,4/21/20,75,,,,
USW00022536,"LIHUE WEATHER SERVICE OFFICE AIRPORT 1020.1, HI US",21.98389,-159.34056,30.5,4/22/20,75,,,,
USW00022536,"LIHUE WEATHER SERVICE OFFICE AIRPORT 1020.1, HI US",21.98389,-159.34056,30.5,4/23/20,,,,,
USW00022536,"LIHUE WEATHER SERVICE OFFICE AIRPORT 1020.1, HI US",21.98389,-159.34056,30.5,4/24/20,77,,,,
USW00022536,"LIHUE WEATHER SERVICE OFFICE AIRPORT 1020.1, HI US",21.98389,-159.34056,30.5,4/25/20,77,,,,
USW00022536,"LIHUE WEATHER SERVICE OFFICE AIRPORT 1020.1, HI US",21.98389,-159.34056,30.5,4/26/20,77,,,,
USW00022536,"LIHUE WEATHER SERVICE OFFICE AIRPORT 1020.1, HI US",21.98389,-159.34056,30.5,4/27/20,76,,,,
USW00022536,"LIHUE WEATHER SERVICE OFFICE AIRPORT 1020.1, HI US",21.98389,-159.34056,30.5,4/28/20,77,,,,
USW00022536,"LIHUE WEATHER SERVICE OFFICE AIRPORT 1020.1, HI US",21.98389,-159.34056,30.5,4/29/20,76,,,,
USW00022536,"LIHUE WEATHER SERVICE OFFICE AIRPORT 1020.1, HI US",21.98389,-159.34056,30.5,4/30/20,76,,,,
US1HIKI0001,"KILAUEA 0.3 SE, HI US",22.20803833,-159.406189,96.3,4/13/20,,,,,
US1HIKI0001,"KILAUEA 0.3 SE, HI US",22.20803833,-159.406189,96.3,4/14/20,,,,,
US1HIKI0001,"KILAUEA 0.3 SE, HI US",22.20803833,-159.406189,96.3,4/15/20,,,,,
US1HIKI0001,"KILAUEA 0.3 SE, HI US",22.20803833,-159.406189,96.3,4/29/20,,,,,
US1HIKI0023,"KAPAA 2.7 SSW, HI US",22.0593,-159.365,90.5,4/1/20,,,,,
US1HIKI0023,"KAPAA 2.7 SSW, HI US",22.0593,-159.365,90.5,4/2/20,,,,,
US1HIKI0023,"KAPAA 2.7 SSW, HI US",22.0593,-159.365,90.5,4/3/20,,,,,
US1HIKI0023,"KAPAA 2.7 SSW, HI US",22.0593,-159.365,90.5,4/4/20,,,,,
US1HIKI0023,"KAPAA 2.7 SSW, HI US",22.0593,-159.365,90.5,4/5/20,,,,,
US1HIKI0023,"KAPAA 2.7 SSW, HI US",22.0593,-159.365,90.5,4/6/20,,,,,
US1HIKI0023,"KAPAA 2.7 SSW, HI US",22.0593,-159.365,90.5,4/7/20,,,,,
US1HIKI0023,"KAPAA 2.7 SSW, HI US",22.0593,-159.365,90.5,4/8/20,,,,,
US1HIKI0023,"KAPAA 2.7 SSW, HI US",22.0593,-159.365,90.5,4/9/20,,,,,
US1HIKI0023,"KAPAA 2.7 SSW, HI US",22.0593,-159.365,90.5,4/10/20,,,,,
US1HIKI0023,"KAPAA 2.7 SSW, HI US",22.0593,-159.365,90.5,4/11/20,,,,,
US1HIKI0023,"KAPAA 2.7 SSW, HI US",22.0593,-159.365,90.5,4/12/20,,,,,
US1HIKI0023,"KAPAA 2.7 SSW, HI US",22.0593,-159.365,90.5,4/13/20,,,,,
US1HIKI0023,"KAPAA 2.7 SSW, HI US",22.0593,-159.365,90.5,4/14/20,,,,,
US1HIKI0023,"KAPAA 2.7 SSW, HI US",22.0593,-159.365,90.5,4/15/20,,,,,
US1HIKI0023,"KAPAA 2.7 SSW, HI US",22.0593,-159.365,90.5,4/16/20,,,,,
US1HIKI0023,"KAPAA 2.7 SSW, HI US",22.0593,-159.365,90.5,4/17/20,,,,,
US1HIKI0023,"KAPAA 2.7 SSW, HI US",22.0593,-159.365,90.5,4/18/20,,,,,
US1HIKI0023,"KAPAA 2.7 SSW, HI US",22.0593,-159.365,90.5,4/19/20,,,,,
US1HIKI0023,"KAPAA 2.7 SSW, HI US",22.0593,-159.365,90.5,4/20/20,,,,,
US1HIKI0023,"KAPAA 2.7 SSW, HI US",22.0593,-159.365,90.5,4/21/20,,,,,
US1HIKI0023,"KAPAA 2.7 SSW, HI US",22.0593,-159.365,90.5,4/22/20,,,,,
US1HIKI0023,"KAPAA 2.7 SSW, HI US",22.0593,-159.365,90.5,4/23/20,,,,,
US1HIKI0023,"KAPAA 2.7 SSW, HI US",22.0593,-159.365,90.5,4/24/20,,,,,
US1HIKI0023,"KAPAA 2.7 SSW, HI US",22.0593,-159.365,90.5,4/25/20,,,,,
US1HIKI0023,"KAPAA 2.7 SSW, HI US",22.0593,-159.365,90.5,4/26/20,,,,,
US1HIKI0023,"KAPAA 2.7 SSW, HI US",22.0593,-159.365,90.5,4/27/20,,,,,
US1HIKI0023,"KAPAA 2.7 SSW, HI US",22.0593,-159.365,90.5,4/28/20,,,,,
US1HIKI0023,"KAPAA 2.7 SSW, HI US",22.0593,-159.365,90.5,4/29/20,,,,,
US1HIKI0023,"KAPAA 2.7 SSW, HI US",22.0593,-159.365,90.5,4/30/20,,,,,
US1HIKI0006,"KILAUEA 0.5 SE, HI US",22.205703,-159.40479,78.9,4/1/20,,,,,
US1HIKI0006,"KILAUEA 0.5 SE, HI US",22.205703,-159.40479,78.9,4/2/20,,,,,
US1HIKI0006,"KILAUEA 0.5 SE, HI US",22.205703,-159.40479,78.9,4/3/20,,,,,
US1HIKI0006,"KILAUEA 0.5 SE, HI US",22.205703,-159.40479,78.9,4/4/20,,,,,
US1HIKI0006,"KILAUEA 0.5 SE, HI US",22.205703,-159.40479,78.9,4/5/20,,,,,
US1HIKI0006,"KILAUEA 0.5 SE, HI US",22.205703,-159.40479,78.9,4/6/20,,,,,
US1HIKI0006,"KILAUEA 0.5 SE, HI US",22.205703,-159.40479,78.9,4/7/20,,,,,
US1HIKI0006,"KILAUEA 0.5 SE, HI US",22.205703,-159.40479,78.9,4/8/20,,,,,
US1HIKI0006,"KILAUEA 0.5 SE, HI US",22.205703,-159.40479,78.9,4/9/20,,,,,
US1HIKI0006,"KILAUEA 0.5 SE, HI US",22.205703,-159.40479,78.9,4/10/20,,,,,
US1HIKI0006,"KILAUEA 0.5 SE, HI US",22.205703,-159.40479,78.9,4/11/20,,,,,
US1HIKI0006,"KILAUEA 0.5 SE, HI US",22.205703,-159.40479,78.9,4/12/20,,,,,
US1HIKI0006,"KILAUEA 0.5 SE, HI US",22.205703,-159.40479,78.9,4/13/20,,,,,
US1HIKI0006,"KILAUEA 0.5 SE, HI US",22.205703,-159.40479,78.9,4/14/20,,,,,
US1HIKI0006,"KILAUEA 0.5 SE, HI US",22.205703,-159.40479,78.9,4/15/20,,,,,
US1HIKI0006,"KILAUEA 0.5 SE, HI US",22.205703,-159.40479,78.9,4/16/20,,,,,
US1HIKI0006,"KILAUEA 0.5 SE, HI US",22.205703,-159.40479,78.9,4/17/20,,,,,
US1HIKI0006,"KILAUEA 0.5 SE, HI US",22.205703,-159.40479,78.9,4/18/20,,,,,
US1HIKI0006,"KILAUEA 0.5 SE, HI US",22.205703,-159.40479,78.9,4/19/20,,,,,
US1HIKI0006,"KILAUEA 0.5 SE, HI US",22.205703,-159.40479,78.9,4/20/20,,,,,
US1HIKI0006,"KILAUEA 0.5 SE, HI US",22.205703,-159.40479,78.9,4/21/20,,,,,
US1HIKI0006,"KILAUEA 0.5 SE, HI US",22.205703,-159.40479,78.9,4/22/20,,,,,
US1HIKI0006,"KILAUEA 0.5 SE, HI US",22.205703,-159.40479,78.9,4/23/20,,,,,
US1HIKI0006,"KILAUEA 0.5 SE, HI US",22.205703,-159.40479,78.9,4/24/20,,,,,
US1HIKI0006,"KILAUEA 0.5 SE, HI US",22.205703,-159.40479,78.9,4/25/20,,,,,
US1HIKI0006,"KILAUEA 0.5 SE, HI US",22.205703,-159.40479,78.9,4/26/20,,,,,
US1HIKI0006,"KILAUEA 0.5 SE, HI US",22.205703,-159.40479,78.9,4/27/20,,,,,
US1HIKI0006,"KILAUEA 0.5 SE, HI US",22.205703,-159.40479,78.9,4/28/20,,,,,
US1HIKI0006,"KILAUEA 0.5 SE, HI US",22.205703,-159.40479,78.9,4/29/20,,,,,
US1HIKI0006,"KILAUEA 0.5 SE, HI US",22.205703,-159.40479,78.9,4/30/20,,,,,
US1HIKI0026,"KAPAA 2.3 SW, HI US",22.072055,-159.376707,105.2,4/1/20,,,,,
US1HIKI0026,"KAPAA 2.3 SW, HI US",22.072055,-159.376707,105.2,4/2/20,,,,,
US1HIKI0026,"KAPAA 2.3 SW, HI US",22.072055,-159.376707,105.2,4/3/20,,,,,
US1HIKI0026,"KAPAA 2.3 SW, HI US",22.072055,-159.376707,105.2,4/4/20,,,,,
US1HIKI0026,"KAPAA 2.3 SW, HI US",22.072055,-159.376707,105.2,4/5/20,,,,,
US1HIKI0026,"KAPAA 2.3 SW, HI US",22.072055,-159.376707,105.2,4/6/20,,,,,
US1HIKI0026,"KAPAA 2.3 SW, HI US",22.072055,-159.376707,105.2,4/7/20,,,,,
US1HIKI0026,"KAPAA 2.3 SW, HI US",22.072055,-159.376707,105.2,4/8/20,,,,,
US1HIKI0026,"KAPAA 2.3 SW, HI US",22.072055,-159.376707,105.2,4/9/20,,,,,
US1HIKI0026,"KAPAA 2.3 SW, HI US",22.072055,-159.376707,105.2,4/10/20,,,,,
US1HIKI0026,"KAPAA 2.3 SW, HI US",22.072055,-159.376707,105.2,4/11/20,,,,,
US1HIKI0026,"KAPAA 2.3 SW, HI US",22.072055,-159.376707,105.2,4/12/20,,,,,
US1HIKI0026,"KAPAA 2.3 SW, HI US",22.072055,-159.376707,105.2,4/13/20,,,,,
US1HIKI0026,"KAPAA 2.3 SW, HI US",22.072055,-159.376707,105.2,4/14/20,,,,,
US1HIKI0026,"KAPAA 2.3 SW, HI US",22.072055,-159.376707,105.2,4/15/20,,,,,
US1HIKI0026,"KAPAA 2.3 SW, HI US",22.072055,-159.376707,105.2,4/16/20,,,,,
US1HIKI0026,"KAPAA 2.3 SW, HI US",22.072055,-159.376707,105.2,4/17/20,,,,,
US1HIKI0026,"KAPAA 2.3 SW, HI US",22.072055,-159.376707,105.2,4/18/20,,,,,
US1HIKI0026,"KAPAA 2.3 SW, HI US",22.072055,-159.376707,105.2,4/19/20,,,,,
US1HIKI0026,"KAPAA 2.3 SW, HI US",22.072055,-159.376707,105.2,4/20/20,,,,,
US1HIKI0026,"KAPAA 2.3 SW, HI US",22.072055,-159.376707,105.2,4/21/20,,,,,
US1HIKI0026,"KAPAA 2.3 SW, HI US",22.072055,-159.376707,105.2,4/22/20,,,,,
US1HIKI0026,"KAPAA 2.3 SW, HI US",22.072055,-159.376707,105.2,4/23/20,,,,,
US1HIKI0026,"KAPAA 2.3 SW, HI US",22.072055,-159.376707,105.2,4/24/20,,,,,
US1HIKI0026,"KAPAA 2.3 SW, HI US",22.072055,-159.376707,105.2,4/25/20,,,,,
US1HIKI0026,"KAPAA 2.3 SW, HI US",22.072055,-159.376707,105.2,4/26/20,,,,,
US1HIKI0026,"KAPAA 2.3 SW, HI US",22.072055,-159.376707,105.2,4/27/20,,,,,
US1HIKI0026,"KAPAA 2.3 SW, HI US",22.072055,-159.376707,105.2,4/28/20,,,,,
US1HIKI0026,"KAPAA 2.3 SW, HI US",22.072055,-159.376707,105.2,4/29/20,,,,,
US1HIKI0026,"KAPAA 2.3 SW, HI US",22.072055,-159.376707,105.2,4/30/20,,,,,
US1HIKI0005,"KAPAA 1.4 W, HI US",22.093611,-159.375833,138.7,4/1/20,,,,,
US1HIKI0005,"KAPAA 1.4 W, HI US",22.093611,-159.375833,138.7,4/2/20,,,,,
US1HIKI0005,"KAPAA 1.4 W, HI US",22.093611,-159.375833,138.7,4/3/20,,,,,
US1HIKI0005,"KAPAA 1.4 W, HI US",22.093611,-159.375833,138.7,4/4/20,,,,,
US1HIKI0005,"KAPAA 1.4 W, HI US",22.093611,-159.375833,138.7,4/5/20,,,,,
US1HIKI0005,"KAPAA 1.4 W, HI US",22.093611,-159.375833,138.7,4/6/20,,,,,
US1HIKI0005,"KAPAA 1.4 W, HI US",22.093611,-159.375833,138.7,4/7/20,,,,,
US1HIKI0005,"KAPAA 1.4 W, HI US",22.093611,-159.375833,138.7,4/8/20,,,,,
US1HIKI0005,"KAPAA 1.4 W, HI US",22.093611,-159.375833,138.7,4/9/20,,,,,
US1HIKI0005,"KAPAA 1.4 W, HI US",22.093611,-159.375833,138.7,4/10/20,,,,,
US1HIKI0005,"KAPAA 1.4 W, HI US",22.093611,-159.375833,138.7,4/11/20,,,,,
US1HIKI0005,"KAPAA 1.4 W, HI US",22.093611,-159.375833,138.7,4/12/20,,,,,
US1HIKI0005,"KAPAA 1.4 W, HI US",22.093611,-159.375833,138.7,4/13/20,,,,,
US1HIKI0005,"KAPAA 1.4 W, HI US",22.093611,-159.375833,138.7,4/14/20,,,,,
US1HIKI0005,"KAPAA 1.4 W, HI US",22.093611,-159.375833,138.7,4/15/20,,,,,
US1HIKI0005,"KAPAA 1.4 W, HI US",22.093611,-159.375833,138.7,4/16/20,,,,,
US1HIKI0005,"KAPAA 1.4 W, HI US",22.093611,-159.375833,138.7,4/17/20,,,,,
US1HIKI0005,"KAPAA 1.4 W, HI US",22.093611,-159.375833,138.7,4/18/20,,,,,
US1HIKI0005,"KAPAA 1.4 W, HI US",22.093611,-159.375833,138.7,4/19/20,,,,,
US1HIKI0005,"KAPAA 1.4 W, HI US",22.093611,-159.375833,138.7,4/20/20,,,,,
US1HIKI0005,"KAPAA 1.4 W, HI US",22.093611,-159.375833,138.7,4/21/20,,,,,
US1HIKI0005,"KAPAA 1.4 W, HI US",22.093611,-159.375833,138.7,4/22/20,,,,,
US1HIKI0005,"KAPAA 1.4 W, HI US",22.093611,-159.375833,138.7,4/23/20,,,,,
US1HIKI0005,"KAPAA 1.4 W, HI US",22.093611,-159.375833,138.7,4/24/20,,,,,
US1HIKI0005,"KAPAA 1.4 W, HI US",22.093611,-159.375833,138.7,4/25/20,,,,,
US1HIKI0005,"KAPAA 1.4 W, HI US",22.093611,-159.375833,138.7,4/26/20,,,,,
US1HIKI0005,"KAPAA 1.4 W, HI US",22.093611,-159.375833,138.7,4/27/20,,,,,
US1HIKI0005,"KAPAA 1.4 W, HI US",22.093611,-159.375833,138.7,4/28/20,,,,,
US1HIKI0005,"KAPAA 1.4 W, HI US",22.093611,-159.375833,138.7,4/29/20,,,,,
US1HIKI0005,"KAPAA 1.4 W, HI US",22.093611,-159.375833,138.7,4/30/20,,,,,
USR0000HMAH,"MAKAHA RIDGE HAWAII, HI US",22.1306,-159.7153,545,4/1/20,67,,,,
USR0000HMAH,"MAKAHA RIDGE HAWAII, HI US",22.1306,-159.7153,545,4/2/20,68,,,,
USR0000HMAH,"MAKAHA RIDGE HAWAII, HI US",22.1306,-159.7153,545,4/3/20,70,,,,
USR0000HMAH,"MAKAHA RIDGE HAWAII, HI US",22.1306,-159.7153,545,4/4/20,70,,,,
USR0000HMAH,"MAKAHA RIDGE HAWAII, HI US",22.1306,-159.7153,545,4/5/20,71,,,,
USR0000HMAH,"MAKAHA RIDGE HAWAII, HI US",22.1306,-159.7153,545,4/6/20,68,,,,
USR0000HMAH,"MAKAHA RIDGE HAWAII, HI US",22.1306,-159.7153,545,4/7/20,67,,,,
USR0000HMAH,"MAKAHA RIDGE HAWAII, HI US",22.1306,-159.7153,545,4/8/20,67,,,,
USR0000HMAH,"MAKAHA RIDGE HAWAII, HI US",22.1306,-159.7153,545,4/9/20,66,,,,
USR0000HMAH,"MAKAHA RIDGE HAWAII, HI US",22.1306,-159.7153,545,4/10/20,67,,,,
USR0000HMAH,"MAKAHA RIDGE HAWAII, HI US",22.1306,-159.7153,545,4/11/20,66,,,,
USR0000HMAH,"MAKAHA RIDGE HAWAII, HI US",22.1306,-159.7153,545,4/12/20,66,,,,
USR0000HMAH,"MAKAHA RIDGE HAWAII, HI US",22.1306,-159.7153,545,4/13/20,68,,,,
USR0000HMAH,"MAKAHA RIDGE HAWAII, HI US",22.1306,-159.7153,545,4/14/20,69,,,,
USR0000HMAH,"MAKAHA RIDGE HAWAII, HI US",22.1306,-159.7153,545,4/15/20,71,,,,
USR0000HMAH,"MAKAHA RIDGE HAWAII, HI US",22.1306,-159.7153,545,4/16/20,70,,,,
USR0000HMAH,"MAKAHA RIDGE HAWAII, HI US",22.1306,-159.7153,545,4/17/20,69,,,,
USR0000HMAH,"MAKAHA RIDGE HAWAII, HI US",22.1306,-159.7153,545,4/18/20,67,,,,
USR0000HMAH,"MAKAHA RIDGE HAWAII, HI US",22.1306,-159.7153,545,4/19/20,67,,,,
USR0000HMAH,"MAKAHA RIDGE HAWAII, HI US",22.1306,-159.7153,545,4/20/20,69,,,,
USR0000HMAH,"MAKAHA RIDGE HAWAII, HI US",22.1306,-159.7153,545,4/21/20,71,,,,
USR0000HMAH,"MAKAHA RIDGE HAWAII, HI US",22.1306,-159.7153,545,4/22/20,71,,,,
USR0000HMAH,"MAKAHA RIDGE HAWAII, HI US",22.1306,-159.7153,545,4/23/20,70,,,,
USR0000HMAH,"MAKAHA RIDGE HAWAII, HI US",22.1306,-159.7153,545,4/24/20,70,,,,
USR0000HMAH,"MAKAHA RIDGE HAWAII, HI US",22.1306,-159.7153,545,4/25/20,69,,,,
USR0000HMAH,"MAKAHA RIDGE HAWAII, HI US",22.1306,-159.7153,545,4/26/20,70,,,,
USR0000HMAH,"MAKAHA RIDGE HAWAII, HI US",22.1306,-159.7153,545,4/27/20,69,,,,
USR0000HMAH,"MAKAHA RIDGE HAWAII, HI US",22.1306,-159.7153,545,4/28/20,71,,,,
USR0000HMAH,"MAKAHA RIDGE HAWAII, HI US",22.1306,-159.7153,545,4/29/20,69,,,,
USR0000HMAH,"MAKAHA RIDGE HAWAII, HI US",22.1306,-159.7153,545,4/30/20,71,,,,
US1HIKI0020,"KOLOA 2.1 SSE, HI US",21.878788,-159.451827,12.2,4/1/20,,,,,
US1HIKI0020,"KOLOA 2.1 SSE, HI US",21.878788,-159.451827,12.2,4/2/20,,,,,
US1HIKI0020,"KOLOA 2.1 SSE, HI US",21.878788,-159.451827,12.2,4/3/20,,,,,
US1HIKI0020,"KOLOA 2.1 SSE, HI US",21.878788,-159.451827,12.2,4/4/20,,,,,
US1HIKI0020,"KOLOA 2.1 SSE, HI US",21.878788,-159.451827,12.2,4/5/20,,,,,
US1HIKI0020,"KOLOA 2.1 SSE, HI US",21.878788,-159.451827,12.2,4/6/20,,,,,
US1HIKI0020,"KOLOA 2.1 SSE, HI US",21.878788,-159.451827,12.2,4/7/20,,,,,
US1HIKI0020,"KOLOA 2.1 SSE, HI US",21.878788,-159.451827,12.2,4/8/20,,,,,
US1HIKI0020,"KOLOA 2.1 SSE, HI US",21.878788,-159.451827,12.2,4/9/20,,,,,
US1HIKI0020,"KOLOA 2.1 SSE, HI US",21.878788,-159.451827,12.2,4/10/20,,,,,
US1HIKI0020,"KOLOA 2.1 SSE, HI US",21.878788,-159.451827,12.2,4/11/20,,,,,
US1HIKI0020,"KOLOA 2.1 SSE, HI US",21.878788,-159.451827,12.2,4/12/20,,,,,
US1HIKI0020,"KOLOA 2.1 SSE, HI US",21.878788,-159.451827,12.2,4/13/20,,,,,
US1HIKI0020,"KOLOA 2.1 SSE, HI US",21.878788,-159.451827,12.2,4/14/20,,,,,
US1HIKI0020,"KOLOA 2.1 SSE, HI US",21.878788,-159.451827,12.2,4/15/20,,,,,
US1HIKI0020,"KOLOA 2.1 SSE, HI US",21.878788,-159.451827,12.2,4/16/20,,,,,
US1HIKI0020,"KOLOA 2.1 SSE, HI US",21.878788,-159.451827,12.2,4/17/20,,,,,
US1HIKI0020,"KOLOA 2.1 SSE, HI US",21.878788,-159.451827,12.2,4/18/20,,,,,
US1HIKI0020,"KOLOA 2.1 SSE, HI US",21.878788,-159.451827,12.2,4/19/20,,,,,
US1HIKI0020,"KOLOA 2.1 SSE, HI US",21.878788,-159.451827,12.2,4/20/20,,,,,
US1HIKI0020,"KOLOA 2.1 SSE, HI US",21.878788,-159.451827,12.2,4/21/20,,,,,
US1HIKI0020,"KOLOA 2.1 SSE, HI US",21.878788,-159.451827,12.2,4/22/20,,,,,
US1HIKI0020,"KOLOA 2.1 SSE, HI US",21.878788,-159.451827,12.2,4/23/20,,,,,
US1HIKI0020,"KOLOA 2.1 SSE, HI US",21.878788,-159.451827,12.2,4/24/20,,,,,
US1HIKI0020,"KOLOA 2.1 SSE, HI US",21.878788,-159.451827,12.2,4/25/20,,,,,
US1HIKI0020,"KOLOA 2.1 SSE, HI US",21.878788,-159.451827,12.2,4/26/20,,,,,
US1HIKI0020,"KOLOA 2.1 SSE, HI US",21.878788,-159.451827,12.2,4/27/20,,,,,
US1HIKI0020,"KOLOA 2.1 SSE, HI US",21.878788,-159.451827,12.2,4/28/20,,,,,
US1HIKI0020,"KOLOA 2.1 SSE, HI US",21.878788,-159.451827,12.2,4/29/20,,,,,
US1HIKI0020,"KOLOA 2.1 SSE, HI US",21.878788,-159.451827,12.2,4/30/20,,,,,
US1HIKI0021,"ANAHOLA 2.8 N, HI US",22.186885,-159.323565,73.8,4/1/20,,,,,
US1HIKI0021,"ANAHOLA 2.8 N, HI US",22.186885,-159.323565,73.8,4/2/20,,,,,
US1HIKI0021,"ANAHOLA 2.8 N, HI US",22.186885,-159.323565,73.8,4/3/20,,,,,
US1HIKI0021,"ANAHOLA 2.8 N, HI US",22.186885,-159.323565,73.8,4/4/20,,,,,
US1HIKI0021,"ANAHOLA 2.8 N, HI US",22.186885,-159.323565,73.8,4/5/20,,,,,
US1HIKI0021,"ANAHOLA 2.8 N, HI US",22.186885,-159.323565,73.8,4/6/20,,,,,
US1HIKI0021,"ANAHOLA 2.8 N, HI US",22.186885,-159.323565,73.8,4/7/20,,,,,
US1HIKI0021,"ANAHOLA 2.8 N, HI US",22.186885,-159.323565,73.8,4/8/20,,,,,
US1HIKI0021,"ANAHOLA 2.8 N, HI US",22.186885,-159.323565,73.8,4/9/20,,,,,
US1HIKI0021,"ANAHOLA 2.8 N, HI US",22.186885,-159.323565,73.8,4/10/20,,,,,
US1HIKI0021,"ANAHOLA 2.8 N, HI US",22.186885,-159.323565,73.8,4/11/20,,,,,
US1HIKI0021,"ANAHOLA 2.8 N, HI US",22.186885,-159.323565,73.8,4/12/20,,,,,
US1HIKI0021,"ANAHOLA 2.8 N, HI US",22.186885,-159.323565,73.8,4/13/20,,,,,
US1HIKI0021,"ANAHOLA 2.8 N, HI US",22.186885,-159.323565,73.8,4/14/20,,,,,
US1HIKI0021,"ANAHOLA 2.8 N, HI US",22.186885,-159.323565,73.8,4/15/20,,,,,
US1HIKI0021,"ANAHOLA 2.8 N, HI US",22.186885,-159.323565,73.8,4/16/20,,,,,
US1HIKI0021,"ANAHOLA 2.8 N, HI US",22.186885,-159.323565,73.8,4/17/20,,,,,
US1HIKI0021,"ANAHOLA 2.8 N, HI US",22.186885,-159.323565,73.8,4/18/20,,,,,
US1HIKI0021,"ANAHOLA 2.8 N, HI US",22.186885,-159.323565,73.8,4/19/20,,,,,
US1HIKI0021,"ANAHOLA 2.8 N, HI US",22.186885,-159.323565,73.8,4/20/20,,,,,
US1HIKI0021,"ANAHOLA 2.8 N, HI US",22.186885,-159.323565,73.8,4/21/20,,,,,
US1HIKI0021,"ANAHOLA 2.8 N, HI US",22.186885,-159.323565,73.8,4/22/20,,,,,
US1HIKI0021,"ANAHOLA 2.8 N, HI US",22.186885,-159.323565,73.8,4/23/20,,,,,
US1HIKI0021,"ANAHOLA 2.8 N, HI US",22.186885,-159.323565,73.8,4/24/20,,,,,
US1HIKI0021,"ANAHOLA 2.8 N, HI US",22.186885,-159.323565,73.8,4/25/20,,,,,
US1HIKI0021,"ANAHOLA 2.8 N, HI US",22.186885,-159.323565,73.8,4/26/20,,,,,
US1HIKI0021,"ANAHOLA 2.8 N, HI US",22.186885,-159.323565,73.8,4/27/20,,,,,
US1HIKI0021,"ANAHOLA 2.8 N, HI US",22.186885,-159.323565,73.8,4/28/20,,,,,
US1HIKI0021,"ANAHOLA 2.8 N, HI US",22.186885,-159.323565,73.8,4/29/20,,,,,
US1HIKI0021,"ANAHOLA 2.8 N, HI US",22.186885,-159.323565,73.8,4/30/20,,,,,
USC00514742,"KOLOA 936, HI US",21.90861,-159.46139,73.2,4/1/20,,,,,
USC00514742,"KOLOA 936, HI US",21.90861,-159.46139,73.2,4/2/20,,,,,
USC00514742,"KOLOA 936, HI US",21.90861,-159.46139,73.2,4/3/20,,,,,
USC00514742,"KOLOA 936, HI US",21.90861,-159.46139,73.2,4/4/20,,,,,
USC00514742,"KOLOA 936, HI US",21.90861,-159.46139,73.2,4/6/20,,,,,
USC00514742,"KOLOA 936, HI US",21.90861,-159.46139,73.2,4/7/20,,,,,
USC00514742,"KOLOA 936, HI US",21.90861,-159.46139,73.2,4/8/20,,,,,
USC00514742,"KOLOA 936, HI US",21.90861,-159.46139,73.2,4/9/20,,,,,
USC00514742,"KOLOA 936, HI US",21.90861,-159.46139,73.2,4/13/20,,,,,
USC00514742,"KOLOA 936, HI US",21.90861,-159.46139,73.2,4/14/20,,,,,
USC00514742,"KOLOA 936, HI US",21.90861,-159.46139,73.2,4/15/20,,,,,
USC00514742,"KOLOA 936, HI US",21.90861,-159.46139,73.2,4/16/20,,,,,
USC00514742,"KOLOA 936, HI US",21.90861,-159.46139,73.2,4/17/20,,,,,
USC00514742,"KOLOA 936, HI US",21.90861,-159.46139,73.2,4/20/20,,,,,
USC00514742,"KOLOA 936, HI US",21.90861,-159.46139,73.2,4/21/20,,,,,
USC00514742,"KOLOA 936, HI US",21.90861,-159.46139,73.2,4/22/20,,,,,
USC00514742,"KOLOA 936, HI US",21.90861,-159.46139,73.2,4/23/20,,,,,
USC00514742,"KOLOA 936, HI US",21.90861,-159.46139,73.2,4/24/20,,,,,
USC00514742,"KOLOA 936, HI US",21.90861,-159.46139,73.2,4/27/20,,,,,
USC00514742,"KOLOA 936, HI US",21.90861,-159.46139,73.2,4/28/20,,,,,
USC00514742,"KOLOA 936, HI US",21.90861,-159.46139,73.2,4/29/20,,,,,
USC00515710,"MAHAULEPU 941.1, HI US",21.8999,-159.4211,24.4,4/1/20,,,,,
USC00515710,"MAHAULEPU 941.1, HI US",21.8999,-159.4211,24.4,4/2/20,,,,,
USC00515710,"MAHAULEPU 941.1, HI US",21.8999,-159.4211,24.4,4/3/20,,,,,
USC00515710,"MAHAULEPU 941.1, HI US",21.8999,-159.4211,24.4,4/6/20,,,,,
USC00515710,"MAHAULEPU 941.1, HI US",21.8999,-159.4211,24.4,4/7/20,,,,,
USC00515710,"MAHAULEPU 941.1, HI US",21.8999,-159.4211,24.4,4/8/20,,,,,
USC00515710,"MAHAULEPU 941.1, HI US",21.8999,-159.4211,24.4,4/9/20,,,,,
USC00515710,"MAHAULEPU 941.1, HI US",21.8999,-159.4211,24.4,4/13/20,,,,,
USC00515710,"MAHAULEPU 941.1, HI US",21.8999,-159.4211,24.4,4/14/20,,,,,
USC00515710,"MAHAULEPU 941.1, HI US",21.8999,-159.4211,24.4,4/15/20,,,,,
USC00515710,"MAHAULEPU 941.1, HI US",21.8999,-159.4211,24.4,4/16/20,,,,,
USC00515710,"MAHAULEPU 941.1, HI US",21.8999,-159.4211,24.4,4/17/20,,,,,
USC00515710,"MAHAULEPU 941.1, HI US",21.8999,-159.4211,24.4,4/20/20,,,,,
USC00515710,"MAHAULEPU 941.1, HI US",21.8999,-159.4211,24.4,4/21/20,,,,,
USC00515710,"MAHAULEPU 941.1, HI US",21.8999,-159.4211,24.4,4/22/20,,,,,
USC00515710,"MAHAULEPU 941.1, HI US",21.8999,-159.4211,24.4,4/23/20,,,,,
USC00515710,"MAHAULEPU 941.1, HI US",21.8999,-159.4211,24.4,4/24/20,,,,,
USC00515710,"MAHAULEPU 941.1, HI US",21.8999,-159.4211,24.4,4/27/20,,,,,
USC00515710,"MAHAULEPU 941.1, HI US",21.8999,-159.4211,24.4,4/28/20,,,,,
USC00515710,"MAHAULEPU 941.1, HI US",21.8999,-159.4211,24.4,4/29/20,,,,,
USC00515710,"MAHAULEPU 941.1, HI US",21.8999,-159.4211,24.4,4/30/20,,,,,
USC00515864,"MAKAWELI 965, HI US",21.91889,-159.62778,42.7,4/1/20,,,,,
USC00515864,"MAKAWELI 965, HI US",21.91889,-159.62778,42.7,4/2/20,,,,,
USC00515864,"MAKAWELI 965, HI US",21.91889,-159.62778,42.7,4/3/20,,,,,
USC00515864,"MAKAWELI 965, HI US",21.91889,-159.62778,42.7,4/6/20,,,,,
USC00515864,"MAKAWELI 965, HI US",21.91889,-159.62778,42.7,4/7/20,,,,,
USC00515864,"MAKAWELI 965, HI US",21.91889,-159.62778,42.7,4/8/20,,,,,
USC00515864,"MAKAWELI 965, HI US",21.91889,-159.62778,42.7,4/9/20,,,,,
USC00515864,"MAKAWELI 965, HI US",21.91889,-159.62778,42.7,4/13/20,,,,,
USC00515864,"MAKAWELI 965, HI US",21.91889,-159.62778,42.7,4/14/20,,,,,
USC00515864,"MAKAWELI 965, HI US",21.91889,-159.62778,42.7,4/15/20,,,,,
USC00515864,"MAKAWELI 965, HI US",21.91889,-159.62778,42.7,4/16/20,,,,,
USC00515864,"MAKAWELI 965, HI US",21.91889,-159.62778,42.7,4/20/20,,,,,
USC00515864,"MAKAWELI 965, HI US",21.91889,-159.62778,42.7,4/21/20,,,,,
USC00515864,"MAKAWELI 965, HI US",21.91889,-159.62778,42.7,4/22/20,,,,,
USC00515864,"MAKAWELI 965, HI US",21.91889,-159.62778,42.7,4/23/20,,,,,
USC00515864,"MAKAWELI 965, HI US",21.91889,-159.62778,42.7,4/24/20,,,,,
USC00515864,"MAKAWELI 965, HI US",21.91889,-159.62778,42.7,4/27/20,,,,,
USC00515864,"MAKAWELI 965, HI US",21.91889,-159.62778,42.7,4/28/20,,,,,
USC00515864,"MAKAWELI 965, HI US",21.91889,-159.62778,42.7,4/29/20,,,,,
USC00515864,"MAKAWELI 965, HI US",21.91889,-159.62778,42.7,4/30/20,,,,,
USR0000HMOL,"MOLOAA DAIRY HAWAII, HI US",22.1833,-159.3375,85.3,4/1/20,72,,,,
USR0000HMOL,"MOLOAA DAIRY HAWAII, HI US",22.1833,-159.3375,85.3,4/2/20,73,,,,
USR0000HMOL,"MOLOAA DAIRY HAWAII, HI US",22.1833,-159.3375,85.3,4/3/20,74,,,,
USR0000HMOL,"MOLOAA DAIRY HAWAII, HI US",22.1833,-159.3375,85.3,4/4/20,73,,,,
USR0000HMOL,"MOLOAA DAIRY HAWAII, HI US",22.1833,-159.3375,85.3,4/5/20,73,,,,
USR0000HMOL,"MOLOAA DAIRY HAWAII, HI US",22.1833,-159.3375,85.3,4/6/20,74,,,,
USR0000HMOL,"MOLOAA DAIRY HAWAII, HI US",22.1833,-159.3375,85.3,4/7/20,72,,,,
USR0000HMOL,"MOLOAA DAIRY HAWAII, HI US",22.1833,-159.3375,85.3,4/8/20,72,,,,
USR0000HMOL,"MOLOAA DAIRY HAWAII, HI US",22.1833,-159.3375,85.3,4/9/20,69,,,,
USR0000HMOL,"MOLOAA DAIRY HAWAII, HI US",22.1833,-159.3375,85.3,4/10/20,71,,,,
USR0000HMOL,"MOLOAA DAIRY HAWAII, HI US",22.1833,-159.3375,85.3,4/11/20,70,,,,
USR0000HMOL,"MOLOAA DAIRY HAWAII, HI US",22.1833,-159.3375,85.3,4/12/20,71,,,,
USR0000HMOL,"MOLOAA DAIRY HAWAII, HI US",22.1833,-159.3375,85.3,4/13/20,72,,,,
USR0000HMOL,"MOLOAA DAIRY HAWAII, HI US",22.1833,-159.3375,85.3,4/14/20,73,,,,
USR0000HMOL,"MOLOAA DAIRY HAWAII, HI US",22.1833,-159.3375,85.3,4/15/20,74,,,,
USR0000HMOL,"MOLOAA DAIRY HAWAII, HI US",22.1833,-159.3375,85.3,4/16/20,75,,,,
USR0000HMOL,"MOLOAA DAIRY HAWAII, HI US",22.1833,-159.3375,85.3,4/17/20,74,,,,
USR0000HMOL,"MOLOAA DAIRY HAWAII, HI US",22.1833,-159.3375,85.3,4/18/20,74,,,,
USR0000HMOL,"MOLOAA DAIRY HAWAII, HI US",22.1833,-159.3375,85.3,4/19/20,74,,,,
USR0000HMOL,"MOLOAA DAIRY HAWAII, HI US",22.1833,-159.3375,85.3,4/20/20,72,,,,
USR0000HMOL,"MOLOAA DAIRY HAWAII, HI US",22.1833,-159.3375,85.3,4/21/20,73,,,,
USR0000HMOL,"MOLOAA DAIRY HAWAII, HI US",22.1833,-159.3375,85.3,4/22/20,75,,,,
USR0000HMOL,"MOLOAA DAIRY HAWAII, HI US",22.1833,-159.3375,85.3,4/23/20,75,,,,
USR0000HMOL,"MOLOAA DAIRY HAWAII, HI US",22.1833,-159.3375,85.3,4/24/20,76,,,,
USR0000HMOL,"MOLOAA DAIRY HAWAII, HI US",22.1833,-159.3375,85.3,4/25/20,75,,,,
USR0000HMOL,"MOLOAA DAIRY HAWAII, HI US",22.1833,-159.3375,85.3,4/26/20,75,,,,
USR0000HMOL,"MOLOAA DAIRY HAWAII, HI US",22.1833,-159.3375,85.3,4/27/20,74,,,,
USR0000HMOL,"MOLOAA DAIRY HAWAII, HI US",22.1833,-159.3375,85.3,4/28/20,76,,,,
USR0000HMOL,"MOLOAA DAIRY HAWAII, HI US",22.1833,-159.3375,85.3,4/29/20,75,,,,
USR0000HMOL,"MOLOAA DAIRY HAWAII, HI US",22.1833,-159.3375,85.3,4/30/20,76,,,,